county_fips,cd_geoid,state_fips,cd,share
01003,0101,01,01,1.0
01031,0101,01,01,1.0
01039,0101,01,01,1.0
01045,0101,01,01,1.0
01053,0101,01,01,1.0
01061,0101,01,01,1.0
01067,0101,01,01,1.0
01069,0101,01,01,1.0
01097,0101,01,01,0.5845
01097,0102,01,02,0.4155
01005,0102,01,02,1.0
01011,0102,01,02,1.0
01013,0102,01,02,1.0
01025,0102,01,02,0.3208
01025,0107,01,07,0.6792
01035,0102,01,02,1.0
01041,0102,01,02,1.0
01087,0102,01,02,1.0
01099,0102,01,02,1.0
01101,0102,01,02,1.0
01109,0102,01,02,1.0
01113,0102,01,02,1.0
01129,0102,01,02,1.0
01015,0103,01,03,1.0
01017,0103,01,03,1.0
01019,0103,01,03,1.0
01027,0103,01,03,1.0
01029,0103,01,03,1.0
01055,0103,01,03,1.0
01081,0103,01,03,1.0
01111,0103,01,03,1.0
01115,0103,01,03,1.0
01121,0103,01,03,0.9484
01121,0106,01,06,0.0516
01123,0103,01,03,1.0
01009,0104,01,04,1.0
01033,0104,01,04,1.0
01043,0104,01,04,1.0
01049,0104,01,04,1.0
01057,0104,01,04,1.0
01059,0104,01,04,1.0
01075,0104,01,04,1.0
01077,0104,01,04,0.718
01077,0105,01,05,0.282
01093,0104,01,04,1.0
01095,0104,01,04,1.0
01125,0104,01,04,0.6224
01125,0107,01,07,0.3776
01127,0104,01,04,1.0
01133,0104,01,04,1.0
01071,0105,01,05,1.0
01079,0105,01,05,1.0
01083,0105,01,05,1.0
01089,0105,01,05,1.0
01103,0105,01,05,1.0
01001,0106,01,06,1.0
01007,0106,01,06,1.0
01021,0106,01,06,1.0
01037,0106,01,06,1.0
01051,0106,01,06,1.0
01073,0106,01,06,0.4011
01073,0107,01,07,0.5989
01117,0106,01,06,1.0
01023,0107,01,07,1.0
01047,0107,01,07,1.0
01063,0107,01,07,1.0
01065,0107,01,07,1.0
01085,0107,01,07,1.0
01091,0107,01,07,1.0
01105,0107,01,07,1.0
01107,0107,01,07,1.0
01119,0107,01,07,1.0
01131,0107,01,07,1.0
02013,0200,02,00,1.0
02016,0200,02,00,1.0
02020,0200,02,00,1.0
02050,0200,02,00,1.0
02060,0200,02,00,1.0
02063,0200,02,00,1.0
02066,0200,02,00,1.0
02068,0200,02,00,1.0
02070,0200,02,00,1.0
02090,0200,02,00,1.0
02100,0200,02,00,1.0
02105,0200,02,00,1.0
02110,0200,02,00,1.0
02122,0200,02,00,1.0
02130,0200,02,00,1.0
02150,0200,02,00,1.0
02158,0200,02,00,1.0
02164,0200,02,00,1.0
02170,0200,02,00,1.0
02180,0200,02,00,1.0
02185,0200,02,00,1.0
02188,0200,02,00,1.0
02195,0200,02,00,1.0
02198,0200,02,00,1.0
02220,0200,02,00,1.0
02230,0200,02,00,1.0
02240,0200,02,00,1.0
02275,0200,02,00,1.0
02282,0200,02,00,1.0
02290,0200,02,00,1.0
04013,0401,04,01,0.1736
04013,0402,04,02,0.0163
04013,0403,04,03,0.0224
04013,0404,04,04,0.0194
04013,0405,04,05,0.0248
04013,0407,04,07,0.3277
04013,0408,04,08,0.0625
04013,0409,04,09,0.3533
04001,0402,04,02,1.0
04005,0402,04,02,1.0
04007,0402,04,02,1.0
04009,0402,04,02,0.3645
04009,0406,04,06,0.6355
04015,0402,04,02,0.0706
04015,0409,04,09,0.9294
04017,0402,04,02,1.0
04021,0402,04,02,0.5466
04021,0405,04,05,0.0331
04021,0406,04,06,0.2531
04021,0407,04,07,0.1672
04025,0402,04,02,1.0
04003,0406,04,06,0.9295
04003,0407,04,07,0.0705
04011,0406,04,06,1.0
04019,0406,04,06,0.1939
04019,0407,04,07,0.8061
04023,0407,04,07,1.0
04027,0407,04,07,0.4394
04027,0409,04,09,0.5606
04012,0409,04,09,1.0
05001,0501,05,01,1.0
05005,0501,05,01,1.0
05009,0501,05,01,1.0
05017,0501,05,01,1.0
05021,0501,05,01,1.0
05031,0501,05,01,1.0
05035,0501,05,01,1.0
05037,0501,05,01,1.0
05041,0501,05,01,1.0
05049,0501,05,01,1.0
05055,0501,05,01,1.0
05063,0501,05,01,1.0
05065,0501,05,01,1.0
05067,0501,05,01,1.0
05075,0501,05,01,1.0
05077,0501,05,01,1.0
05079,0501,05,01,1.0
05085,0501,05,01,1.0
05089,0501,05,01,1.0
05093,0501,05,01,1.0
05095,0501,05,01,1.0
05107,0501,05,01,1.0
05111,0501,05,01,1.0
05117,0501,05,01,1.0
05119,0501,05,01,0.1546
05119,0502,05,02,0.6989
05119,0504,05,04,0.1465
05121,0501,05,01,1.0
05123,0501,05,01,1.0
05129,0501,05,01,1.0
05135,0501,05,01,1.0
05137,0501,05,01,1.0
05147,0501,05,01,1.0
05023,0502,05,02,1.0
05029,0502,05,02,1.0
05045,0502,05,02,1.0
05105,0502,05,02,1.0
05125,0502,05,02,1.0
05141,0502,05,02,1.0
05145,0502,05,02,1.0
05007,0503,05,03,1.0
05015,0503,05,03,1.0
05033,0503,05,03,1.0
05087,0503,05,03,1.0
05131,0503,05,03,0.5951
05131,0504,05,04,0.4049
05143,0503,05,03,1.0
05003,0504,05,04,1.0
05011,0504,05,04,1.0
05013,0504,05,04,1.0
05019,0504,05,04,1.0
05025,0504,05,04,1.0
05027,0504,05,04,1.0
05039,0504,05,04,1.0
05043,0504,05,04,1.0
05047,0504,05,04,1.0
05051,0504,05,04,1.0
05053,0504,05,04,1.0
05057,0504,05,04,1.0
05059,0504,05,04,1.0
05061,0504,05,04,1.0
05069,0504,05,04,1.0
05071,0504,05,04,1.0
05073,0504,05,04,1.0
05081,0504,05,04,1.0
05083,0504,05,04,1.0
05091,0504,05,04,1.0
05097,0504,05,04,1.0
05099,0504,05,04,1.0
05101,0504,05,04,1.0
05103,0504,05,04,1.0
05109,0504,05,04,1.0
05113,0504,05,04,1.0
05115,0504,05,04,1.0
05127,0504,05,04,1.0
05133,0504,05,04,1.0
05139,0504,05,04,1.0
05149,0504,05,04,1.0
06007,0601,06,01,1.0
06011,0601,06,01,1.0
06021,0601,06,01,1.0
06035,0601,06,01,1.0
06049,0601,06,01,1.0
06089,0601,06,01,1.0
06093,0601,06,01,1.0
06101,0601,06,01,1.0
06103,0601,06,01,1.0
06115,0601,06,01,0.3107
06115,0603,06,03,0.6893
06015,0602,06,02,1.0
06023,0602,06,02,1.0
06041,0602,06,02,1.0
06045,0602,06,02,1.0
06075,0602,06,02,0.0002
06075,0611,06,11,0.8865
06075,0612,06,12,0.001
06075,0615,06,15,0.1123
06097,0602,06,02,0.7982
06097,0604,06,04,0.2018
06105,0602,06,02,1.0
06003,0603,06,03,1.0
06017,0603,06,03,0.7553
06017,0605,06,05,0.2447
06027,0603,06,03,1.0
06051,0603,06,03,1.0
06057,0603,06,03,1.0
06061,0603,06,03,1.0
06063,0603,06,03,1.0
06067,0603,06,03,0.0887
06067,0606,06,06,0.2606
06067,0607,06,07,0.6507
06091,0603,06,03,1.0
06033,0604,06,04,1.0
06055,0604,06,04,1.0
06095,0604,06,04,0.5829
06095,0607,06,07,0.0195
06095,0608,06,08,0.3976
06113,0604,06,04,0.9642
06113,0607,06,07,0.0358
06005,0605,06,05,1.0
06009,0605,06,05,1.0
06019,0605,06,05,0.358
06019,0613,06,13,0.4385
06019,0620,06,20,0.1271
06019,0621,06,21,0.0765
06039,0605,06,05,0.6846
06039,0613,06,13,0.3154
06043,0605,06,05,1.0
06099,0605,06,05,0.3406
06099,0609,06,09,0.0964
06099,0613,06,13,0.563
06109,0605,06,05,1.0
06013,0608,06,08,0.2156
06013,0609,06,09,0.0505
06013,0610,06,10,0.734
06077,0609,06,09,0.8379
06077,0613,06,13,0.1621
06001,0610,06,10,0.0152
06001,0612,06,12,0.1256
06001,0614,06,14,0.7871
06001,0617,06,17,0.0721
06047,0613,06,13,1.0
06081,0615,06,15,0.2474
06081,0616,06,16,0.7526
06085,0616,06,16,0.1483
06085,0617,06,17,0.0977
06085,0618,06,18,0.5787
06085,0619,06,19,0.1753
06053,0618,06,18,0.7291
06053,0619,06,19,0.2709
06069,0618,06,18,1.0
06087,0618,06,18,0.0996
06087,0619,06,19,0.9004
06079,0619,06,19,0.394
06079,0624,06,24,0.606
06029,0620,06,20,0.6477
06029,0622,06,22,0.2681
06029,0623,06,23,0.0842
06031,0620,06,20,0.1724
06031,0622,06,22,0.8276
06107,0620,06,20,0.7063
06107,0621,06,21,0.0903
06107,0622,06,22,0.2034
06037,0623,06,23,0.0903
06037,0626,06,26,0.0073
06037,0627,06,27,0.3735
06037,0628,06,28,0.1449
06037,0629,06,29,0.0317
06037,0630,06,30,0.0442
06037,0631,06,31,0.0512
06037,0632,06,32,0.0719
06037,0634,06,34,0.0122
06037,0635,06,35,0.0056
06037,0636,06,36,0.0239
06037,0637,06,37,0.013
06037,0638,06,38,0.0349
06037,0642,06,42,0.0523
06037,0643,06,43,0.0178
06037,0644,06,44,0.0225
06037,0645,06,45,0.0028
06071,0623,06,23,0.8429
06071,0625,06,25,0.1286
06071,0628,06,28,0.0099
06071,0633,06,33,0.0094
06071,0635,06,35,0.0072
06071,0640,06,40,0.002
06083,0624,06,24,1.0
06111,0624,06,24,0.0825
06111,0626,06,26,0.9155
06111,0632,06,32,0.002
06025,0625,06,25,1.0
06065,0625,06,25,0.7213
06065,0635,06,35,0.0015
06065,0639,06,39,0.0394
06065,0640,06,40,0.0011
06065,0641,06,41,0.1841
06065,0648,06,48,0.0526
06059,0638,06,38,0.0095
06059,0640,06,40,0.432
06059,0645,06,45,0.1162
06059,0646,06,46,0.0943
06059,0647,06,47,0.2183
06059,0649,06,49,0.1297
06073,0648,06,48,0.7685
06073,0649,06,49,0.0934
06073,0650,06,50,0.0609
06073,0651,06,51,0.0451
06073,0652,06,52,0.0321
08005,0801,08,01,0.0014
08005,0804,08,04,0.7591
08005,0806,08,06,0.2394
08031,0801,08,01,0.9978
08031,0806,08,06,0.0022
08059,0801,08,01,0.0
08059,0802,08,02,0.0427
08059,0806,08,06,0.0238
08059,0807,08,07,0.9336
08013,0802,08,02,1.0
08013,0807,08,07,0.0
08014,0802,08,02,0.0072
08014,0807,08,07,0.9928
08019,0802,08,02,1.0
08037,0802,08,02,0.7375
08037,0803,08,03,0.2625
08047,0802,08,02,1.0
08049,0802,08,02,1.0
08057,0802,08,02,1.0
08069,0802,08,02,0.9352
08069,0804,08,04,0.0544
08069,0808,08,08,0.0104
08107,0802,08,02,1.0
08117,0802,08,02,1.0
08123,0802,08,02,0.0101
08123,0804,08,04,0.8035
08123,0807,08,07,0.0
08123,0808,08,08,0.1863
08003,0803,08,03,1.0
08007,0803,08,03,1.0
08021,0803,08,03,1.0
08023,0803,08,03,1.0
08029,0803,08,03,1.0
08033,0803,08,03,1.0
08045,0803,08,03,1.0
08051,0803,08,03,1.0
08053,0803,08,03,1.0
08055,0803,08,03,1.0
08067,0803,08,03,1.0
08071,0803,08,03,1.0
08077,0803,08,03,1.0
08079,0803,08,03,1.0
08081,0803,08,03,1.0
08083,0803,08,03,1.0
08085,0803,08,03,1.0
08089,0803,08,03,1.0
08091,0803,08,03,1.0
08097,0803,08,03,1.0
08101,0803,08,03,1.0
08103,0803,08,03,1.0
08105,0803,08,03,1.0
08109,0803,08,03,1.0
08111,0803,08,03,1.0
08113,0803,08,03,1.0
08001,0804,08,04,0.7134
08001,0806,08,06,0.0799
08001,0807,08,07,0.0005
08001,0808,08,08,0.2061
08009,0804,08,04,1.0
08011,0804,08,04,1.0
08017,0804,08,04,1.0
08025,0804,08,04,1.0
08035,0804,08,04,0.9955
08035,0806,08,06,0.0045
08039,0804,08,04,1.0
08041,0804,08,04,0.3075
08041,0805,08,05,0.6921
08041,0807,08,07,0.0003
08061,0804,08,04,1.0
08063,0804,08,04,1.0
08073,0804,08,04,1.0
08075,0804,08,04,1.0
08087,0804,08,04,1.0
08095,0804,08,04,1.0
08099,0804,08,04,1.0
08115,0804,08,04,1.0
08121,0804,08,04,1.0
08125,0804,08,04,1.0
08015,0807,08,07,1.0
08027,0807,08,07,1.0
08043,0807,08,07,1.0
08065,0807,08,07,1.0
08093,0807,08,07,1.0
08119,0807,08,07,1.0
09003,0901,09,01,0.5879
09003,0902,09,02,0.1911
09003,0905,09,05,0.2209
09005,0901,09,01,0.1871
09005,0905,09,05,0.8129
09007,0901,09,01,0.1411
09007,0902,09,02,0.6937
09007,0903,09,03,0.1652
09009,0902,09,02,0.0598
09009,0903,09,03,0.6264
09009,0904,09,04,0.0542
09009,0905,09,05,0.2596
09011,0902,09,02,1.0
09013,0902,09,02,1.0
09015,0902,09,02,1.0
09001,0903,09,03,0.0549
09001,0904,09,04,0.6594
09001,0905,09,05,0.2857
10001,1000,10,00,1.0
10003,1000,10,00,1.0
10005,1000,10,00,1.0
11001,1198,11,98,1.0
12033,1201,12,01,1.0
12091,1201,12,01,1.0
12113,1201,12,01,1.0
12131,1201,12,01,0.5763
12131,1202,12,02,0.4237
12005,1202,12,02,1.0
12013,1202,12,02,1.0
12037,1202,12,02,1.0
12039,1202,12,02,1.0
12045,1202,12,02,1.0
12059,1202,12,02,1.0
12063,1202,12,02,1.0
12065,1202,12,02,1.0
12067,1202,12,02,0.0792
12067,1203,12,03,0.9208
12073,1202,12,02,1.0
12077,1202,12,02,1.0
12079,1202,12,02,1.0
12123,1202,12,02,1.0
12129,1202,12,02,1.0
12133,1202,12,02,1.0
12001,1203,12,03,1.0
12003,1203,12,03,1.0
12007,1203,12,03,1.0
12023,1203,12,03,1.0
12029,1203,12,03,1.0
12041,1203,12,03,1.0
12047,1203,12,03,1.0
12075,1203,12,03,1.0
12083,1203,12,03,0.4091
12083,1206,12,06,0.5909
12083,1212,12,12,0.0
12121,1203,12,03,1.0
12125,1203,12,03,1.0
12019,1204,12,04,1.0
12031,1204,12,04,0.6933
12031,1205,12,05,0.3067
12089,1204,12,04,1.0
12109,1205,12,05,0.5962
12109,1206,12,06,0.4038
12035,1206,12,06,1.0
12069,1206,12,06,0.4607
12069,1211,12,11,0.5393
12107,1206,12,06,1.0
12127,1206,12,06,0.523
12127,1207,12,07,0.477
12095,1207,12,07,0.0
12095,1208,12,08,0.1358
12095,1209,12,09,0.2897
12095,1210,12,10,0.2847
12095,1211,12,11,0.2898
12117,1207,12,07,1.0
12009,1208,12,08,1.0
12061,1208,12,08,1.0
12097,1209,12,09,1.0
12105,1209,12,09,0.0342
12105,1211,12,11,0.1485
12105,1215,12,15,0.0643
12105,1218,12,18,0.753
12119,1211,12,11,1.0
12017,1212,12,12,1.0
12053,1212,12,12,1.0
12101,1212,12,12,0.798
12101,1215,12,15,0.202
12103,1213,12,13,0.8317
12103,1214,12,14,0.1683
12057,1214,12,14,0.2177
12057,1215,12,15,0.3795
12057,1216,12,16,0.4028
12081,1216,12,16,1.0
12015,1217,12,17,1.0
12071,1217,12,17,0.2772
12071,1219,12,19,0.7228
12115,1217,12,17,1.0
12021,1218,12,18,0.0358
12021,1219,12,19,0.0575
12021,1226,12,26,0.9067
12027,1218,12,18,1.0
12043,1218,12,18,1.0
12049,1218,12,18,1.0
12051,1218,12,18,1.0
12055,1218,12,18,1.0
12093,1218,12,18,1.0
12011,1220,12,20,0.7359
12011,1223,12,23,0.0902
12011,1224,12,24,0.0086
12011,1225,12,25,0.1653
12099,1220,12,20,0.6448
12099,1221,12,21,0.1988
12099,1222,12,22,0.1276
12099,1223,12,23,0.0287
12085,1221,12,21,1.0
12111,1221,12,21,1.0
12086,1224,12,24,0.0469
12086,1226,12,26,0.2579
12086,1227,12,27,0.0628
12086,1228,12,28,0.6324
12087,1228,12,28,1.0
13001,1301,13,01,1.0
13005,1301,13,01,1.0
13025,1301,13,01,1.0
13029,1301,13,01,1.0
13039,1301,13,01,1.0
13049,1301,13,01,1.0
13051,1301,13,01,1.0
13103,1301,13,01,0.4063
13103,1312,13,12,0.5937
13127,1301,13,01,1.0
13179,1301,13,01,1.0
13183,1301,13,01,1.0
13191,1301,13,01,1.0
13229,1301,13,01,1.0
13299,1301,13,01,1.0
13305,1301,13,01,1.0
13007,1302,13,02,1.0
13021,1302,13,02,0.7787
13021,1308,13,08,0.2213
13037,1302,13,02,1.0
13053,1302,13,02,1.0
13061,1302,13,02,1.0
13079,1302,13,02,1.0
13087,1302,13,02,1.0
13093,1302,13,02,1.0
13095,1302,13,02,1.0
13099,1302,13,02,1.0
13131,1302,13,02,1.0
13153,1302,13,02,0.1274
13153,1308,13,08,0.8726
13177,1302,13,02,1.0
13193,1302,13,02,1.0
13197,1302,13,02,1.0
13201,1302,13,02,1.0
13205,1302,13,02,1.0
13215,1302,13,02,0.8467
13215,1303,13,03,0.1533
13225,1302,13,02,1.0
13239,1302,13,02,1.0
13243,1302,13,02,1.0
13249,1302,13,02,1.0
13253,1302,13,02,1.0
13259,1302,13,02,1.0
13261,1302,13,02,1.0
13263,1302,13,02,1.0
13269,1302,13,02,1.0
13273,1302,13,02,1.0
13275,1302,13,02,1.0
13307,1302,13,02,1.0
13045,1303,13,03,1.0
13077,1303,13,03,1.0
13097,1303,13,03,0.5382
13097,1306,13,06,0.4618
13113,1303,13,03,0.8362
13113,1306,13,06,0.1638
13143,1303,13,03,1.0
13145,1303,13,03,1.0
13149,1303,13,03,1.0
13151,1303,13,03,0.1461
13151,1310,13,10,0.5608
13151,1313,13,13,0.2932
13171,1303,13,03,1.0
13199,1303,13,03,1.0
13231,1303,13,03,1.0
13255,1303,13,03,1.0
13285,1303,13,03,1.0
13293,1303,13,03,1.0
13089,1304,13,04,0.7178
13089,1305,13,05,0.2418
13089,1313,13,13,0.0404
13135,1304,13,04,0.1795
13135,1309,13,09,0.3744
13135,1310,13,10,0.0815
13135,1313,13,13,0.3647
13063,1305,13,05,0.4723
13063,1313,13,13,0.5277
13121,1305,13,05,0.1775
13121,1306,13,06,0.5196
13121,1307,13,07,0.303
13067,1306,13,06,0.3512
13067,1311,13,11,0.4162
13067,1314,13,14,0.2326
13057,1307,13,07,0.3182
13057,1311,13,11,0.6818
13085,1307,13,07,1.0
13117,1307,13,07,1.0
13139,1307,13,07,0.2283
13139,1309,13,09,0.7717
13187,1307,13,07,1.0
13003,1308,13,08,1.0
13009,1308,13,08,1.0
13017,1308,13,08,1.0
13019,1308,13,08,1.0
13023,1308,13,08,1.0
13027,1308,13,08,1.0
13065,1308,13,08,1.0
13069,1308,13,08,1.0
13071,1308,13,08,1.0
13075,1308,13,08,1.0
13081,1308,13,08,1.0
13091,1308,13,08,1.0
13101,1308,13,08,1.0
13155,1308,13,08,1.0
13161,1308,13,08,1.0
13169,1308,13,08,1.0
13173,1308,13,08,1.0
13185,1308,13,08,1.0
13207,1308,13,08,1.0
13235,1308,13,08,1.0
13271,1308,13,08,1.0
13277,1308,13,08,1.0
13287,1308,13,08,1.0
13289,1308,13,08,1.0
13315,1308,13,08,1.0
13319,1308,13,08,1.0
13321,1308,13,08,1.0
13011,1309,13,09,1.0
13111,1309,13,09,1.0
13123,1309,13,09,1.0
13137,1309,13,09,1.0
13157,1309,13,09,1.0
13241,1309,13,09,1.0
13257,1309,13,09,1.0
13281,1309,13,09,1.0
13291,1309,13,09,1.0
13311,1309,13,09,1.0
13013,1310,13,10,1.0
13035,1310,13,10,1.0
13059,1310,13,10,1.0
13105,1310,13,10,1.0
13119,1310,13,10,1.0
13133,1310,13,10,1.0
13141,1310,13,10,1.0
13147,1310,13,10,1.0
13159,1310,13,10,1.0
13195,1310,13,10,1.0
13211,1310,13,10,1.0
13217,1310,13,10,0.7505
13217,1313,13,13,0.2495
13219,1310,13,10,1.0
13221,1310,13,10,1.0
13237,1310,13,10,1.0
13265,1310,13,10,1.0
13297,1310,13,10,1.0
13317,1310,13,10,0.2776
13317,1312,13,12,0.7224
13015,1311,13,11,1.0
13129,1311,13,11,1.0
13227,1311,13,11,1.0
13031,1312,13,12,1.0
13033,1312,13,12,1.0
13043,1312,13,12,1.0
13073,1312,13,12,1.0
13107,1312,13,12,1.0
13109,1312,13,12,1.0
13125,1312,13,12,1.0
13163,1312,13,12,1.0
13165,1312,13,12,1.0
13167,1312,13,12,1.0
13175,1312,13,12,1.0
13181,1312,13,12,1.0
13189,1312,13,12,1.0
13209,1312,13,12,1.0
13245,1312,13,12,1.0
13251,1312,13,12,1.0
13267,1312,13,12,1.0
13279,1312,13,12,1.0
13283,1312,13,12,1.0
13301,1312,13,12,1.0
13303,1312,13,12,1.0
13309,1312,13,12,1.0
13247,1313,13,13,1.0
13047,1314,13,14,1.0
13055,1314,13,14,1.0
13083,1314,13,14,1.0
13115,1314,13,14,1.0
13213,1314,13,14,1.0
13223,1314,13,14,1.0
13233,1314,13,14,1.0
13295,1314,13,14,1.0
13313,1314,13,14,1.0
15003,1501,15,01,0.338
15003,1502,15,02,0.662
15001,1502,15,02,1.0
15005,1502,15,02,1.0
15007,1502,15,02,1.0
15009,1502,15,02,1.0
16001,1601,16,01,0.7659
16001,1602,16,02,0.2341
16003,1601,16,01,1.0
16009,1601,16,01,1.0
16015,1601,16,01,1.0
16017,1601,16,01,1.0
16021,1601,16,01,1.0
16027,1601,16,01,1.0
16035,1601,16,01,1.0
16045,1601,16,01,1.0
16049,1601,16,01,1.0
16055,1601,16,01,1.0
16057,1601,16,01,1.0
16061,1601,16,01,1.0
16069,1601,16,01,1.0
16073,1601,16,01,1.0
16075,1601,16,01,1.0
16079,1601,16,01,1.0
16085,1601,16,01,1.0
16087,1601,16,01,1.0
16005,1602,16,02,1.0
16007,1602,16,02,1.0
16011,1602,16,02,1.0
16013,1602,16,02,1.0
16019,1602,16,02,1.0
16023,1602,16,02,1.0
16025,1602,16,02,1.0
16029,1602,16,02,1.0
16031,1602,16,02,1.0
16033,1602,16,02,1.0
16037,1602,16,02,1.0
16039,1602,16,02,1.0
16041,1602,16,02,1.0
16043,1602,16,02,1.0
16047,1602,16,02,1.0
16051,1602,16,02,1.0
16053,1602,16,02,1.0
16059,1602,16,02,1.0
16063,1602,16,02,1.0
16065,1602,16,02,1.0
16067,1602,16,02,1.0
16071,1602,16,02,1.0
16077,1602,16,02,1.0
16081,1602,16,02,1.0
16083,1602,16,02,1.0
17031,1701,17,01,0.0941
17031,1702,17,02,0.1733
17031,1703,17,03,0.058
17031,1704,17,04,0.0875
17031,1705,17,05,0.1241
17031,1706,17,06,0.1461
17031,1707,17,07,0.0724
17031,1708,17,08,0.1079
17031,1709,17,09,0.0873
17031,1710,17,10,0.0376
17031,1711,17,11,0.0118
17091,1701,17,01,0.141
17091,1702,17,02,0.859
17197,1701,17,01,0.5112
17197,1702,17,02,0.2034
17197,1711,17,11,0.037
17197,1714,17,14,0.2484
17019,1702,17,02,0.1857
17019,1713,17,13,0.1924
17019,1715,17,15,0.6219
17053,1702,17,02,0.9013
17053,1716,17,16,0.0987
17075,1702,17,02,1.0
17105,1702,17,02,0.5968
17105,1716,17,16,0.4032
17183,1702,17,02,0.7113
17183,1715,17,15,0.2887
17043,1703,17,03,0.3021
17043,1704,17,04,0.04
17043,1706,17,06,0.2658
17043,1708,17,08,0.1535
17043,1711,17,11,0.2386
17097,1705,17,05,0.0854
17097,1709,17,09,0.0873
17097,1710,17,10,0.7781
17097,1711,17,11,0.0492
17089,1708,17,08,0.2566
17089,1711,17,11,0.587
17089,1714,17,14,0.1564
17111,1709,17,09,0.077
17111,1710,17,10,0.2143
17111,1711,17,11,0.4888
17111,1716,17,16,0.2198
17007,1711,17,11,0.3304
17007,1716,17,16,0.6696
17037,1711,17,11,0.1332
17037,1714,17,14,0.7004
17037,1716,17,16,0.1664
17003,1712,17,12,1.0
17023,1712,17,12,1.0
17025,1712,17,12,1.0
17027,1712,17,12,1.0
17029,1712,17,12,0.5259
17029,1715,17,15,0.4741
17033,1712,17,12,1.0
17035,1712,17,12,1.0
17047,1712,17,12,1.0
17049,1712,17,12,1.0
17055,1712,17,12,1.0
17059,1712,17,12,1.0
17065,1712,17,12,1.0
17069,1712,17,12,1.0
17077,1712,17,12,1.0
17079,1712,17,12,1.0
17081,1712,17,12,1.0
17087,1712,17,12,1.0
17101,1712,17,12,1.0
17121,1712,17,12,1.0
17127,1712,17,12,1.0
17133,1712,17,12,1.0
17145,1712,17,12,1.0
17151,1712,17,12,1.0
17153,1712,17,12,1.0
17157,1712,17,12,1.0
17159,1712,17,12,1.0
17163,1712,17,12,0.7918
17163,1713,17,13,0.2082
17165,1712,17,12,1.0
17181,1712,17,12,1.0
17185,1712,17,12,1.0
17189,1712,17,12,1.0
17191,1712,17,12,1.0
17193,1712,17,12,1.0
17199,1712,17,12,1.0
17115,1713,17,13,0.3372
17115,1715,17,15,0.6628
17117,1713,17,13,1.0
17119,1713,17,13,0.3635
17119,1715,17,15,0.6365
17147,1713,17,13,0.4454
17147,1715,17,15,0.5546
17167,1713,17,13,0.4852
17167,1715,17,15,0.5148
17011,1714,17,14,0.1797
17011,1716,17,16,0.8203
17093,1714,17,14,1.0
17099,1714,17,14,0.6131
17099,1716,17,16,0.3869
17155,1714,17,14,0.4468
17155,1716,17,16,0.5532
17001,1715,17,15,1.0
17005,1715,17,15,1.0
17009,1715,17,15,1.0
17013,1715,17,15,1.0
17017,1715,17,15,1.0
17021,1715,17,15,1.0
17039,1715,17,15,1.0
17041,1715,17,15,1.0
17045,1715,17,15,1.0
17051,1715,17,15,1.0
17057,1715,17,15,0.4297
17057,1717,17,17,0.5703
17061,1715,17,15,1.0
17067,1715,17,15,1.0
17071,1715,17,15,1.0
17083,1715,17,15,1.0
17107,1715,17,15,1.0
17109,1715,17,15,0.8659
17109,1717,17,17,0.1341
17125,1715,17,15,1.0
17129,1715,17,15,1.0
17131,1715,17,15,0.6132
17131,1717,17,17,0.3868
17135,1715,17,15,1.0
17137,1715,17,15,1.0
17139,1715,17,15,1.0
17149,1715,17,15,1.0
17169,1715,17,15,1.0
17171,1715,17,15,1.0
17173,1715,17,15,1.0
17187,1715,17,15,0.7338
17187,1717,17,17,0.2662
17063,1716,17,16,1.0
17073,1716,17,16,0.8546
17073,1717,17,17,0.1454
17085,1716,17,16,1.0
17103,1716,17,16,1.0
17113,1716,17,16,0.8526
17113,1717,17,17,0.1474
17123,1716,17,16,1.0
17141,1716,17,16,1.0
17143,1716,17,16,0.5955
17143,1717,17,17,0.4045
17175,1716,17,16,1.0
17177,1716,17,16,0.4607
17177,1717,17,17,0.5393
17179,1716,17,16,0.5378
17179,1717,17,17,0.4622
17201,1716,17,16,0.7527
17201,1717,17,17,0.2473
17203,1716,17,16,1.0
17015,1717,17,17,1.0
17095,1717,17,17,1.0
17161,1717,17,17,1.0
17195,1717,17,17,1.0
18089,1801,18,01,1.0
18091,1801,18,01,0.3098
18091,1802,18,02,0.6902
18127,1801,18,01,1.0
18017,1802,18,02,0.5753
18017,1804,18,04,0.4247
18039,1802,18,02,1.0
18049,1802,18,02,1.0
18085,1802,18,02,0.823
18085,1803,18,03,0.177
18099,1802,18,02,1.0
18103,1802,18,02,1.0
18131,1802,18,02,1.0
18141,1802,18,02,1.0
18149,1802,18,02,1.0
18169,1802,18,02,1.0
18001,1803,18,03,1.0
18003,1803,18,03,1.0
18009,1803,18,03,1.0
18033,1803,18,03,1.0
18069,1803,18,03,1.0
18075,1803,18,03,1.0
18087,1803,18,03,1.0
18113,1803,18,03,1.0
18135,1803,18,03,0.4484
18135,1806,18,06,0.5516
18151,1803,18,03,1.0
18179,1803,18,03,1.0
18183,1803,18,03,1.0
18007,1804,18,04,1.0
18011,1804,18,04,1.0
18015,1804,18,04,1.0
18023,1804,18,04,1.0
18045,1804,18,04,0.4487
18045,1808,18,08,0.5513
18063,1804,18,04,1.0
18067,1804,18,04,0.0387
18067,1805,18,05,0.9613
18073,1804,18,04,1.0
18107,1804,18,04,1.0
18109,1804,18,04,1.0
18111,1804,18,04,1.0
18133,1804,18,04,1.0
18157,1804,18,04,1.0
18171,1804,18,04,1.0
18181,1804,18,04,1.0
18035,1805,18,05,1.0
18053,1805,18,05,1.0
18057,1805,18,05,1.0
18095,1805,18,05,1.0
18159,1805,18,05,1.0
18005,1806,18,06,0.7307
18005,1809,18,09,0.2693
18041,1806,18,06,1.0
18059,1806,18,06,1.0
18065,1806,18,06,1.0
18081,1806,18,06,1.0
18097,1806,18,06,0.3025
18097,1807,18,07,0.6975
18139,1806,18,06,1.0
18145,1806,18,06,1.0
18161,1806,18,06,1.0
18177,1806,18,06,1.0
18021,1808,18,08,1.0
18025,1808,18,08,1.0
18027,1808,18,08,1.0
18037,1808,18,08,1.0
18051,1808,18,08,1.0
18055,1808,18,08,1.0
18083,1808,18,08,1.0
18101,1808,18,08,1.0
18117,1808,18,08,1.0
18119,1808,18,08,1.0
18121,1808,18,08,1.0
18123,1808,18,08,1.0
18125,1808,18,08,1.0
18129,1808,18,08,1.0
18147,1808,18,08,1.0
18153,1808,18,08,1.0
18163,1808,18,08,1.0
18165,1808,18,08,1.0
18167,1808,18,08,1.0
18173,1808,18,08,1.0
18013,1809,18,09,1.0
18019,1809,18,09,1.0
18029,1809,18,09,1.0
18031,1809,18,09,1.0
18043,1809,18,09,1.0
18047,1809,18,09,1.0
18061,1809,18,09,1.0
18071,1809,18,09,1.0
18077,1809,18,09,1.0
18079,1809,18,09,1.0
18093,1809,18,09,1.0
18105,1809,18,09,1.0
18115,1809,18,09,1.0
18137,1809,18,09,1.0
18143,1809,18,09,1.0
18155,1809,18,09,1.0
18175,1809,18,09,1.0
19031,1901,19,01,1.0
19045,1901,19,01,1.0
19057,1901,19,01,1.0
19087,1901,19,01,1.0
19095,1901,19,01,1.0
19097,1901,19,01,1.0
19099,1901,19,01,1.0
19101,1901,19,01,1.0
19103,1901,19,01,1.0
19105,1901,19,01,1.0
19107,1901,19,01,1.0
19111,1901,19,01,1.0
19115,1901,19,01,1.0
19123,1901,19,01,1.0
19125,1901,19,01,1.0
19139,1901,19,01,1.0
19163,1901,19,01,1.0
19177,1901,19,01,1.0
19181,1901,19,01,1.0
19183,1901,19,01,1.0
19005,1902,19,02,1.0
19011,1902,19,02,1.0
19013,1902,19,02,1.0
19017,1902,19,02,1.0
19019,1902,19,02,1.0
19023,1902,19,02,1.0
19033,1902,19,02,1.0
19037,1902,19,02,1.0
19043,1902,19,02,1.0
19055,1902,19,02,1.0
19061,1902,19,02,1.0
19065,1902,19,02,1.0
19067,1902,19,02,1.0
19075,1902,19,02,1.0
19083,1902,19,02,1.0
19089,1902,19,02,1.0
19113,1902,19,02,1.0
19131,1902,19,02,1.0
19157,1902,19,02,1.0
19171,1902,19,02,1.0
19191,1902,19,02,1.0
19195,1902,19,02,1.0
19001,1903,19,03,1.0
19003,1903,19,03,1.0
19007,1903,19,03,1.0
19029,1903,19,03,1.0
19039,1903,19,03,1.0
19049,1903,19,03,1.0
19051,1903,19,03,1.0
19053,1903,19,03,1.0
19073,1903,19,03,1.0
19077,1903,19,03,1.0
19117,1903,19,03,1.0
19121,1903,19,03,1.0
19135,1903,19,03,1.0
19137,1903,19,03,1.0
19145,1903,19,03,1.0
19153,1903,19,03,1.0
19159,1903,19,03,1.0
19173,1903,19,03,1.0
19175,1903,19,03,1.0
19179,1903,19,03,1.0
19185,1903,19,03,1.0
19009,1904,19,04,1.0
19015,1904,19,04,1.0
19021,1904,19,04,1.0
19025,1904,19,04,1.0
19027,1904,19,04,1.0
19035,1904,19,04,1.0
19041,1904,19,04,1.0
19047,1904,19,04,1.0
19059,1904,19,04,1.0
19063,1904,19,04,1.0
19069,1904,19,04,1.0
19071,1904,19,04,1.0
19079,1904,19,04,1.0
19081,1904,19,04,1.0
19085,1904,19,04,1.0
19091,1904,19,04,1.0
19093,1904,19,04,1.0
19109,1904,19,04,1.0
19119,1904,19,04,1.0
19127,1904,19,04,1.0
19129,1904,19,04,1.0
19133,1904,19,04,1.0
19141,1904,19,04,1.0
19143,1904,19,04,1.0
19147,1904,19,04,1.0
19149,1904,19,04,1.0
19151,1904,19,04,1.0
19155,1904,19,04,1.0
19161,1904,19,04,1.0
19165,1904,19,04,1.0
19167,1904,19,04,1.0
19169,1904,19,04,1.0
19187,1904,19,04,1.0
19189,1904,19,04,1.0
19193,1904,19,04,1.0
19197,1904,19,04,1.0
20009,2001,20,01,1.0
20023,2001,20,01,1.0
20025,2001,20,01,1.0
20027,2001,20,01,1.0
20029,2001,20,01,1.0
20039,2001,20,01,1.0
20041,2001,20,01,1.0
20045,2001,20,01,0.1297
20045,2002,20,02,0.8703
20051,2001,20,01,1.0
20053,2001,20,01,1.0
20055,2001,20,01,1.0
20057,2001,20,01,1.0
20063,2001,20,01,1.0
20065,2001,20,01,1.0
20067,2001,20,01,1.0
20069,2001,20,01,1.0
20071,2001,20,01,1.0
20075,2001,20,01,1.0
20081,2001,20,01,1.0
20083,2001,20,01,1.0
20085,2001,20,01,0.8734
20085,2002,20,02,0.1266
20087,2001,20,01,1.0
20089,2001,20,01,1.0
20093,2001,20,01,1.0
20101,2001,20,01,1.0
20105,2001,20,01,1.0
20109,2001,20,01,1.0
20113,2001,20,01,1.0
20117,2001,20,01,1.0
20119,2001,20,01,1.0
20123,2001,20,01,1.0
20129,2001,20,01,1.0
20135,2001,20,01,1.0
20137,2001,20,01,1.0
20141,2001,20,01,1.0
20143,2001,20,01,1.0
20145,2001,20,01,0.4631
20145,2004,20,04,0.5369
20147,2001,20,01,1.0
20149,2001,20,01,1.0
20153,2001,20,01,1.0
20155,2001,20,01,1.0
20157,2001,20,01,1.0
20159,2001,20,01,1.0
20161,2001,20,01,1.0
20163,2001,20,01,1.0
20165,2001,20,01,1.0
20167,2001,20,01,1.0
20169,2001,20,01,1.0
20171,2001,20,01,1.0
20175,2001,20,01,1.0
20179,2001,20,01,1.0
20181,2001,20,01,1.0
20183,2001,20,01,1.0
20187,2001,20,01,1.0
20189,2001,20,01,1.0
20193,2001,20,01,1.0
20195,2001,20,01,1.0
20199,2001,20,01,1.0
20201,2001,20,01,1.0
20203,2001,20,01,1.0
20001,2002,20,02,1.0
20005,2002,20,02,1.0
20011,2002,20,02,1.0
20013,2002,20,02,1.0
20017,2002,20,02,1.0
20021,2002,20,02,1.0
20031,2002,20,02,1.0
20037,2002,20,02,1.0
20043,2002,20,02,1.0
20061,2002,20,02,1.0
20099,2002,20,02,1.0
20103,2002,20,02,1.0
20107,2002,20,02,1.0
20111,2002,20,02,1.0
20115,2002,20,02,1.0
20125,2002,20,02,1.0
20127,2002,20,02,1.0
20131,2002,20,02,1.0
20133,2002,20,02,1.0
20139,2002,20,02,1.0
20177,2002,20,02,1.0
20197,2002,20,02,1.0
20205,2002,20,02,1.0
20207,2002,20,02,1.0
20209,2002,20,02,0.5999
20209,2003,20,03,0.4001
20003,2003,20,03,1.0
20059,2003,20,03,1.0
20091,2003,20,03,1.0
20121,2003,20,03,1.0
20007,2004,20,04,1.0
20015,2004,20,04,1.0
20019,2004,20,04,1.0
20033,2004,20,04,1.0
20035,2004,20,04,1.0
20047,2004,20,04,1.0
20049,2004,20,04,1.0
20073,2004,20,04,1.0
20077,2004,20,04,1.0
20079,2004,20,04,1.0
20095,2004,20,04,1.0
20097,2004,20,04,1.0
20151,2004,20,04,1.0
20173,2004,20,04,1.0
20185,2004,20,04,1.0
20191,2004,20,04,1.0
21001,2101,21,01,1.0
21003,2101,21,01,1.0
21005,2101,21,01,0.4897
21005,2106,21,06,0.5103
21007,2101,21,01,1.0
21021,2101,21,01,1.0
21033,2101,21,01,1.0
21035,2101,21,01,1.0
21039,2101,21,01,1.0
21045,2101,21,01,1.0
21047,2101,21,01,1.0
21053,2101,21,01,1.0
21055,2101,21,01,1.0
21057,2101,21,01,1.0
21073,2101,21,01,1.0
21075,2101,21,01,1.0
21083,2101,21,01,1.0
21101,2101,21,01,1.0
21105,2101,21,01,1.0
21107,2101,21,01,1.0
21139,2101,21,01,1.0
21141,2101,21,01,0.9277
21141,2102,21,02,0.0723
21143,2101,21,01,1.0
21145,2101,21,01,1.0
21155,2101,21,01,1.0
21157,2101,21,01,1.0
21169,2101,21,01,1.0
21171,2101,21,01,1.0
21207,2101,21,01,1.0
21213,2101,21,01,1.0
21217,2101,21,01,1.0
21219,2101,21,01,1.0
21221,2101,21,01,1.0
21225,2101,21,01,1.0
21229,2101,21,01,1.0
21233,2101,21,01,1.0
21009,2102,21,02,1.0
21027,2102,21,02,1.0
21029,2102,21,02,1.0
21031,2102,21,02,1.0
21059,2102,21,02,1.0
21061,2102,21,02,1.0
21085,2102,21,02,1.0
21087,2102,21,02,1.0
21091,2102,21,02,1.0
21093,2102,21,02,1.0
21099,2102,21,02,1.0
21111,2102,21,02,0.1919
21111,2103,21,03,0.8081
21123,2102,21,02,1.0
21149,2102,21,02,1.0
21163,2102,21,02,1.0
21177,2102,21,02,1.0
21179,2102,21,02,0.5073
21179,2104,21,04,0.4927
21183,2102,21,02,1.0
21227,2102,21,02,1.0
21015,2104,21,04,1.0
21023,2104,21,04,1.0
21037,2104,21,04,1.0
21041,2104,21,04,1.0
21043,2104,21,04,0.2538
21043,2105,21,05,0.7462
21077,2104,21,04,1.0
21081,2104,21,04,1.0
21089,2104,21,04,1.0
21097,2104,21,04,1.0
21103,2104,21,04,1.0
21117,2104,21,04,1.0
21135,2104,21,04,1.0
21161,2104,21,04,1.0
21185,2104,21,04,1.0
21187,2104,21,04,1.0
21191,2104,21,04,1.0
21201,2104,21,04,1.0
21211,2104,21,04,1.0
21215,2104,21,04,1.0
21223,2104,21,04,1.0
21011,2105,21,05,0.5363
21011,2106,21,06,0.4637
21013,2105,21,05,1.0
21019,2105,21,05,1.0
21025,2105,21,05,1.0
21051,2105,21,05,1.0
21063,2105,21,05,1.0
21071,2105,21,05,1.0
21095,2105,21,05,1.0
21109,2105,21,05,1.0
21115,2105,21,05,1.0
21119,2105,21,05,1.0
21121,2105,21,05,1.0
21125,2105,21,05,1.0
21127,2105,21,05,1.0
21129,2105,21,05,1.0
21131,2105,21,05,1.0
21133,2105,21,05,1.0
21137,2105,21,05,1.0
21147,2105,21,05,1.0
21153,2105,21,05,1.0
21159,2105,21,05,1.0
21165,2105,21,05,1.0
21175,2105,21,05,1.0
21189,2105,21,05,1.0
21193,2105,21,05,1.0
21195,2105,21,05,1.0
21199,2105,21,05,1.0
21203,2105,21,05,1.0
21205,2105,21,05,1.0
21231,2105,21,05,1.0
21235,2105,21,05,1.0
21237,2105,21,05,1.0
21017,2106,21,06,1.0
21049,2106,21,06,1.0
21065,2106,21,06,1.0
21067,2106,21,06,1.0
21069,2106,21,06,1.0
21079,2106,21,06,1.0
21113,2106,21,06,1.0
21151,2106,21,06,1.0
21167,2106,21,06,1.0
21173,2106,21,06,1.0
21181,2106,21,06,1.0
21197,2106,21,06,1.0
21209,2106,21,06,1.0
21239,2106,21,06,1.0
22005,2201,22,01,0.3646
22005,2202,22,02,0.5441
22005,2205,22,05,0.0913
22051,2201,22,01,0.6727
22051,2202,22,02,0.3273
22057,2201,22,01,0.7255
22057,2202,22,02,0.0289
22057,2203,22,03,0.2456
22063,2201,22,01,0.3158
22063,2205,22,05,0.6842
22071,2201,22,01,0.5352
22071,2202,22,02,0.4648
22075,2201,22,01,1.0
22087,2201,22,01,0.9693
22087,2202,22,02,0.0307
22089,2201,22,01,0.2291
22089,2202,22,02,0.7709
22103,2201,22,01,1.0
22105,2201,22,01,0.2768
22105,2205,22,05,0.7232
22007,2202,22,02,1.0
22047,2202,22,02,1.0
22093,2202,22,02,1.0
22095,2202,22,02,1.0
22001,2203,22,03,1.0
22019,2203,22,03,0.2787
22019,2204,22,04,0.7213
22023,2203,22,03,1.0
22045,2203,22,03,1.0
22053,2203,22,03,1.0
22055,2203,22,03,0.753
22055,2206,22,06,0.247
22099,2203,22,03,1.0
22101,2203,22,03,1.0
22109,2203,22,03,1.0
22113,2203,22,03,1.0
22003,2204,22,04,1.0
22011,2204,22,04,1.0
22013,2204,22,04,1.0
22015,2204,22,04,1.0
22017,2204,22,04,0.8698
22017,2206,22,06,0.1302
22027,2204,22,04,1.0
22031,2204,22,04,0.4006
22031,2206,22,06,0.5994
22039,2204,22,04,1.0
22043,2204,22,04,1.0
22049,2204,22,04,1.0
22061,2204,22,04,1.0
22073,2204,22,04,0.5927
22073,2205,22,05,0.4073
22079,2204,22,04,0.5171
22079,2206,22,06,0.4829
22081,2204,22,04,1.0
22085,2204,22,04,1.0
22111,2204,22,04,1.0
22115,2204,22,04,1.0
22119,2204,22,04,1.0
22127,2204,22,04,1.0
22009,2205,22,05,0.5796
22009,2206,22,06,0.4204
22021,2205,22,05,1.0
22025,2205,22,05,1.0
22029,2205,22,05,1.0
22033,2205,22,05,0.455
22033,2206,22,06,0.545
22035,2205,22,05,1.0
22037,2205,22,05,1.0
22041,2205,22,05,1.0
22059,2205,22,05,1.0
22065,2205,22,05,1.0
22067,2205,22,05,1.0
22083,2205,22,05,1.0
22091,2205,22,05,1.0
22107,2205,22,05,1.0
22117,2205,22,05,1.0
22123,2205,22,05,1.0
22125,2205,22,05,1.0
22069,2206,22,06,1.0
22077,2206,22,06,1.0
22097,2206,22,06,1.0
22121,2206,22,06,1.0
23005,2301,23,01,1.0
23011,2301,23,01,0.4552
23011,2302,23,02,0.5448
23013,2301,23,01,1.0
23015,2301,23,01,1.0
23023,2301,23,01,1.0
23031,2301,23,01,1.0
23001,2302,23,02,1.0
23003,2302,23,02,1.0
23007,2302,23,02,1.0
23009,2302,23,02,1.0
23017,2302,23,02,1.0
23019,2302,23,02,1.0
23021,2302,23,02,1.0
23025,2302,23,02,1.0
23027,2302,23,02,1.0
23029,2302,23,02,1.0
24005,2401,24,01,0.2392
24005,2402,24,02,0.6684
24005,2407,24,07,0.0924
24011,2401,24,01,1.0
24015,2401,24,01,1.0
24019,2401,24,01,1.0
24025,2401,24,01,1.0
24029,2401,24,01,1.0
24035,2401,24,01,1.0
24039,2401,24,01,1.0
24041,2401,24,01,1.0
24045,2401,24,01,1.0
24047,2401,24,01,1.0
24013,2402,24,02,0.9053
24013,2403,24,03,0.0947
24510,2402,24,02,0.074
24510,2407,24,07,0.926
24003,2403,24,03,0.4997
24003,2405,24,05,0.5003
24027,2403,24,03,1.0
24031,2404,24,04,0.029
24031,2406,24,06,0.4166
24031,2408,24,08,0.5544
24033,2404,24,04,0.4204
24033,2405,24,05,0.5795
24033,2408,24,08,0.0
24009,2405,24,05,1.0
24017,2405,24,05,1.0
24037,2405,24,05,1.0
24001,2406,24,06,1.0
24021,2406,24,06,1.0
24023,2406,24,06,1.0
24043,2406,24,06,1.0
25003,2501,25,01,1.0
25011,2501,25,01,0.13
25011,2502,25,02,0.87
25013,2501,25,01,1.0
25015,2501,25,01,0.5698
25015,2502,25,02,0.4302
25027,2501,25,01,0.1974
25027,2502,25,02,0.5824
25027,2503,25,03,0.1846
25027,2504,25,04,0.0355
25017,2502,25,02,0.07
25017,2503,25,03,0.5004
25017,2504,25,04,0.0411
25017,2505,25,05,0.2504
25017,2506,25,06,0.1251
25017,2507,25,07,0.013
25021,2502,25,02,0.0291
25021,2504,25,04,0.5041
25021,2505,25,05,0.0171
25021,2507,25,07,0.0414
25021,2508,25,08,0.3834
25021,2509,25,09,0.0247
25009,2503,25,03,0.1262
25009,2506,25,06,0.8738
25005,2504,25,04,0.6429
25005,2508,25,08,0.052
25005,2509,25,09,0.3051
25023,2504,25,04,0.0449
25023,2508,25,08,0.1456
25023,2509,25,09,0.8095
25025,2505,25,05,0.1321
25025,2507,25,07,0.578
25025,2508,25,08,0.2899
25001,2509,25,09,1.0
25007,2509,25,09,1.0
25019,2509,25,09,1.0
26001,2601,26,01,1.0
26003,2601,26,01,1.0
26007,2601,26,01,1.0
26009,2601,26,01,1.0
26011,2601,26,01,1.0
26013,2601,26,01,1.0
26019,2601,26,01,1.0
26029,2601,26,01,1.0
26031,2601,26,01,1.0
26033,2601,26,01,1.0
26039,2601,26,01,1.0
26041,2601,26,01,1.0
26043,2601,26,01,1.0
26047,2601,26,01,1.0
26053,2601,26,01,1.0
26055,2601,26,01,1.0
26061,2601,26,01,1.0
26069,2601,26,01,1.0
26071,2601,26,01,1.0
26079,2601,26,01,1.0
26083,2601,26,01,1.0
26089,2601,26,01,1.0
26095,2601,26,01,1.0
26097,2601,26,01,1.0
26103,2601,26,01,1.0
26109,2601,26,01,1.0
26113,2601,26,01,1.0
26119,2601,26,01,1.0
26129,2601,26,01,1.0
26131,2601,26,01,1.0
26135,2601,26,01,1.0
26137,2601,26,01,1.0
26141,2601,26,01,1.0
26143,2601,26,01,1.0
26153,2601,26,01,1.0
26165,2601,26,01,0.223
26165,2602,26,02,0.777
26015,2602,26,02,1.0
26035,2602,26,02,1.0
26045,2602,26,02,0.1613
26045,2607,26,07,0.8387
26051,2602,26,02,1.0
26057,2602,26,02,1.0
26067,2602,26,02,1.0
26073,2602,26,02,1.0
26081,2602,26,02,0.5382
26081,2603,26,03,0.4618
26085,2602,26,02,1.0
26101,2602,26,02,1.0
26105,2602,26,02,1.0
26107,2602,26,02,1.0
26111,2602,26,02,0.3433
26111,2608,26,08,0.6567
26117,2602,26,02,1.0
26121,2602,26,02,0.7195
26121,2603,26,03,0.2805
26123,2602,26,02,1.0
26127,2602,26,02,1.0
26133,2602,26,02,1.0
26139,2602,26,02,0.0632
26139,2603,26,03,0.4817
26139,2604,26,04,0.455
26005,2604,26,04,1.0
26021,2604,26,04,0.2364
26021,2605,26,05,0.7636
26025,2604,26,04,0.2005
26025,2605,26,05,0.7995
26077,2604,26,04,0.7489
26077,2605,26,05,0.2511
26159,2604,26,04,1.0
26023,2605,26,05,1.0
26027,2605,26,05,1.0
26059,2605,26,05,1.0
26075,2605,26,05,1.0
26091,2605,26,05,1.0
26115,2605,26,05,0.9957
26115,2606,26,06,0.0043
26149,2605,26,05,1.0
26125,2606,26,06,0.0328
26125,2607,26,07,0.0708
26125,2609,26,09,0.4496
26125,2610,26,10,0.0422
26125,2611,26,11,0.3632
26125,2612,26,12,0.0413
26161,2606,26,06,1.0
26163,2606,26,06,0.3944
26163,2612,26,12,0.2537
26163,2613,26,13,0.3519
26037,2607,26,07,1.0
26049,2607,26,07,0.004
26049,2608,26,08,0.996
26065,2607,26,07,1.0
26093,2607,26,07,1.0
26155,2607,26,07,1.0
26017,2608,26,08,1.0
26145,2608,26,08,1.0
26157,2608,26,08,0.0154
26157,2609,26,09,0.9846
26063,2609,26,09,1.0
26087,2609,26,09,1.0
26099,2609,26,09,0.6023
26099,2610,26,10,0.3977
26147,2609,26,09,1.0
26151,2609,26,09,1.0
27013,2701,27,01,1.0
27015,2701,27,01,0.6213
27015,2707,27,07,0.3787
27039,2701,27,01,1.0
27043,2701,27,01,1.0
27045,2701,27,01,1.0
27047,2701,27,01,1.0
27049,2701,27,01,1.0
27055,2701,27,01,1.0
27063,2701,27,01,1.0
27091,2701,27,01,1.0
27099,2701,27,01,1.0
27103,2701,27,01,1.0
27105,2701,27,01,1.0
27109,2701,27,01,1.0
27131,2701,27,01,0.4401
27131,2702,27,02,0.5599
27133,2701,27,01,1.0
27147,2701,27,01,1.0
27157,2701,27,01,1.0
27161,2701,27,01,1.0
27165,2701,27,01,1.0
27169,2701,27,01,1.0
27037,2702,27,02,1.0
27079,2702,27,02,1.0
27139,2702,27,02,1.0
27163,2702,27,02,0.215
27163,2704,27,04,0.3937
27163,2708,27,08,0.3913
27003,2703,27,03,0.0736
27003,2705,27,05,0.037
27003,2706,27,06,0.8894
27053,2703,27,03,0.7889
27053,2705,27,05,0.2069
27053,2706,27,06,0.0042
27123,2704,27,04,0.9964
27123,2705,27,05,0.0036
27009,2706,27,06,1.0
27019,2706,27,06,1.0
27141,2706,27,06,1.0
27145,2706,27,06,0.1866
27145,2707,27,07,0.8134
27171,2706,27,06,1.0
27005,2707,27,07,0.6442
27005,2708,27,08,0.3558
27011,2707,27,07,1.0
27023,2707,27,07,1.0
27027,2707,27,07,1.0
27033,2707,27,07,1.0
27041,2707,27,07,1.0
27051,2707,27,07,1.0
27057,2707,27,07,0.3286
27057,2708,27,08,0.6714
27067,2707,27,07,1.0
27069,2707,27,07,1.0
27073,2707,27,07,1.0
27081,2707,27,07,1.0
27083,2707,27,07,1.0
27085,2707,27,07,1.0
27089,2707,27,07,1.0
27093,2707,27,07,1.0
27097,2707,27,07,1.0
27101,2707,27,07,1.0
27107,2707,27,07,1.0
27111,2707,27,07,1.0
27113,2707,27,07,1.0
27117,2707,27,07,1.0
27119,2707,27,07,1.0
27121,2707,27,07,1.0
27125,2707,27,07,1.0
27127,2707,27,07,1.0
27129,2707,27,07,1.0
27135,2707,27,07,1.0
27143,2707,27,07,1.0
27149,2707,27,07,1.0
27151,2707,27,07,1.0
27153,2707,27,07,1.0
27155,2707,27,07,1.0
27159,2707,27,07,1.0
27167,2707,27,07,1.0
27173,2707,27,07,1.0
27001,2708,27,08,1.0
27007,2708,27,08,1.0
27017,2708,27,08,1.0
27021,2708,27,08,1.0
27025,2708,27,08,1.0
27029,2708,27,08,1.0
27031,2708,27,08,1.0
27035,2708,27,08,1.0
27059,2708,27,08,1.0
27061,2708,27,08,1.0
27065,2708,27,08,1.0
27071,2708,27,08,1.0
27075,2708,27,08,1.0
27077,2708,27,08,1.0
27087,2708,27,08,1.0
27095,2708,27,08,1.0
27115,2708,27,08,1.0
27137,2708,27,08,1.0
28003,2801,28,01,1.0
28009,2801,28,01,1.0
28013,2801,28,01,1.0
28017,2801,28,01,1.0
28019,2801,28,01,1.0
28025,2801,28,01,1.0
28033,2801,28,01,1.0
28057,2801,28,01,1.0
28071,2801,28,01,1.0
28081,2801,28,01,1.0
28087,2801,28,01,1.0
28093,2801,28,01,1.0
28095,2801,28,01,1.0
28105,2801,28,01,0.2501
28105,2803,28,03,0.7499
28115,2801,28,01,1.0
28117,2801,28,01,1.0
28137,2801,28,01,1.0
28139,2801,28,01,1.0
28141,2801,28,01,1.0
28145,2801,28,01,1.0
28155,2801,28,01,1.0
28001,2802,28,02,1.0
28005,2802,28,02,1.0
28007,2802,28,02,1.0
28011,2802,28,02,1.0
28015,2802,28,02,1.0
28021,2802,28,02,1.0
28027,2802,28,02,1.0
28029,2802,28,02,1.0
28037,2802,28,02,1.0
28043,2802,28,02,1.0
28049,2802,28,02,0.9832
28049,2803,28,03,0.0168
28051,2802,28,02,1.0
28053,2802,28,02,1.0
28055,2802,28,02,1.0
28063,2802,28,02,1.0
28079,2802,28,02,1.0
28083,2802,28,02,1.0
28089,2802,28,02,0.7178
28089,2803,28,03,0.2822
28097,2802,28,02,1.0
28107,2802,28,02,1.0
28119,2802,28,02,1.0
28125,2802,28,02,1.0
28133,2802,28,02,1.0
28135,2802,28,02,1.0
28143,2802,28,02,1.0
28149,2802,28,02,1.0
28151,2802,28,02,1.0
28157,2802,28,02,1.0
28161,2802,28,02,1.0
28163,2802,28,02,1.0
28023,2803,28,03,1.0
28031,2803,28,03,1.0
28061,2803,28,03,1.0
28065,2803,28,03,1.0
28067,2803,28,03,0.1008
28067,2804,28,04,0.8992
28069,2803,28,03,1.0
28075,2803,28,03,1.0
28077,2803,28,03,1.0
28085,2803,28,03,1.0
28091,2803,28,03,1.0
28099,2803,28,03,1.0
28101,2803,28,03,1.0
28103,2803,28,03,1.0
28113,2803,28,03,1.0
28121,2803,28,03,1.0
28123,2803,28,03,1.0
28127,2803,28,03,1.0
28129,2803,28,03,1.0
28147,2803,28,03,1.0
28159,2803,28,03,1.0
28035,2804,28,04,1.0
28039,2804,28,04,1.0
28041,2804,28,04,1.0
28045,2804,28,04,1.0
28047,2804,28,04,1.0
28059,2804,28,04,1.0
28073,2804,28,04,1.0
28109,2804,28,04,1.0
28111,2804,28,04,1.0
28131,2804,28,04,1.0
28153,2804,28,04,1.0
29189,2901,29,01,0.3667
29189,2902,29,02,0.6333
29510,2901,29,01,1.0
29071,2902,29,02,1.0
29183,2902,29,02,0.3921
29183,2903,29,03,0.6079
29219,2902,29,02,0.7621
29219,2903,29,03,0.2379
29019,2903,29,03,0.4192
29019,2904,29,04,0.5808
29027,2903,29,03,1.0
29029,2903,29,03,0.0494
29029,2904,29,04,0.9506
29051,2903,29,03,1.0
29053,2903,29,03,1.0
29055,2903,29,03,1.0
29073,2903,29,03,1.0
29099,2903,29,03,0.5087
29099,2908,29,08,0.4913
29125,2903,29,03,1.0
29131,2903,29,03,1.0
29135,2903,29,03,1.0
29139,2903,29,03,1.0
29151,2903,29,03,1.0
29221,2903,29,03,1.0
29011,2904,29,04,1.0
29013,2904,29,04,1.0
29015,2904,29,04,1.0
29037,2904,29,04,1.0
29039,2904,29,04,1.0
29057,2904,29,04,1.0
29059,2904,29,04,1.0
29083,2904,29,04,1.0
29085,2904,29,04,1.0
29089,2904,29,04,1.0
29095,2904,29,04,0.2543
29095,2905,29,05,0.5691
29095,2906,29,06,0.1766
29101,2904,29,04,1.0
29105,2904,29,04,1.0
29107,2904,29,04,1.0
29141,2904,29,04,1.0
29159,2904,29,04,1.0
29167,2904,29,04,1.0
29169,2904,29,04,1.0
29185,2904,29,04,1.0
29195,2904,29,04,1.0
29217,2904,29,04,1.0
29225,2904,29,04,0.5799
29225,2907,29,07,0.4201
29047,2905,29,05,0.1968
29047,2906,29,06,0.8032
29001,2906,29,06,1.0
29003,2906,29,06,1.0
29005,2906,29,06,1.0
29007,2906,29,06,1.0
29021,2906,29,06,1.0
29025,2906,29,06,1.0
29033,2906,29,06,1.0
29041,2906,29,06,1.0
29045,2906,29,06,1.0
29049,2906,29,06,1.0
29061,2906,29,06,1.0
29063,2906,29,06,1.0
29075,2906,29,06,1.0
29079,2906,29,06,1.0
29081,2906,29,06,1.0
29087,2906,29,06,1.0
29103,2906,29,06,1.0
29111,2906,29,06,1.0
29113,2906,29,06,1.0
29115,2906,29,06,1.0
29117,2906,29,06,1.0
29121,2906,29,06,1.0
29127,2906,29,06,1.0
29129,2906,29,06,1.0
29137,2906,29,06,1.0
29147,2906,29,06,1.0
29163,2906,29,06,1.0
29165,2906,29,06,1.0
29171,2906,29,06,1.0
29173,2906,29,06,1.0
29175,2906,29,06,1.0
29177,2906,29,06,1.0
29197,2906,29,06,1.0
29199,2906,29,06,1.0
29205,2906,29,06,1.0
29211,2906,29,06,1.0
29227,2906,29,06,1.0
29009,2907,29,07,1.0
29043,2907,29,07,1.0
29077,2907,29,07,1.0
29097,2907,29,07,1.0
29109,2907,29,07,1.0
29119,2907,29,07,1.0
29145,2907,29,07,1.0
29209,2907,29,07,1.0
29213,2907,29,07,1.0
29017,2908,29,08,1.0
29023,2908,29,08,1.0
29031,2908,29,08,1.0
29035,2908,29,08,1.0
29065,2908,29,08,1.0
29067,2908,29,08,1.0
29069,2908,29,08,1.0
29091,2908,29,08,1.0
29093,2908,29,08,1.0
29123,2908,29,08,1.0
29133,2908,29,08,1.0
29143,2908,29,08,1.0
29149,2908,29,08,1.0
29153,2908,29,08,1.0
29155,2908,29,08,1.0
29157,2908,29,08,1.0
29161,2908,29,08,1.0
29179,2908,29,08,1.0
29181,2908,29,08,1.0
29186,2908,29,08,1.0
29187,2908,29,08,1.0
29201,2908,29,08,1.0
29203,2908,29,08,1.0
29207,2908,29,08,1.0
29215,2908,29,08,1.0
29223,2908,29,08,1.0
29229,2908,29,08,1.0
30001,3001,30,01,1.0
30023,3001,30,01,1.0
30029,3001,30,01,1.0
30031,3001,30,01,1.0
30035,3001,30,01,1.0
30039,3001,30,01,1.0
30047,3001,30,01,1.0
30053,3001,30,01,1.0
30057,3001,30,01,1.0
30061,3001,30,01,1.0
30063,3001,30,01,1.0
30073,3001,30,01,0.4765
30073,3002,30,02,0.5235
30077,3001,30,01,1.0
30081,3001,30,01,1.0
30089,3001,30,01,1.0
30093,3001,30,01,1.0
30003,3002,30,02,1.0
30005,3002,30,02,1.0
30007,3002,30,02,1.0
30009,3002,30,02,1.0
30011,3002,30,02,1.0
30013,3002,30,02,1.0
30015,3002,30,02,1.0
30017,3002,30,02,1.0
30019,3002,30,02,1.0
30021,3002,30,02,1.0
30025,3002,30,02,1.0
30027,3002,30,02,1.0
30033,3002,30,02,1.0
30037,3002,30,02,1.0
30041,3002,30,02,1.0
30043,3002,30,02,1.0
30045,3002,30,02,1.0
30049,3002,30,02,1.0
30051,3002,30,02,1.0
30055,3002,30,02,1.0
30059,3002,30,02,1.0
30065,3002,30,02,1.0
30067,3002,30,02,1.0
30069,3002,30,02,1.0
30071,3002,30,02,1.0
30075,3002,30,02,1.0
30079,3002,30,02,1.0
30083,3002,30,02,1.0
30085,3002,30,02,1.0
30087,3002,30,02,1.0
30091,3002,30,02,1.0
30095,3002,30,02,1.0
30097,3002,30,02,1.0
30099,3002,30,02,1.0
30101,3002,30,02,1.0
30103,3002,30,02,1.0
30105,3002,30,02,1.0
30107,3002,30,02,1.0
30109,3002,30,02,1.0
30111,3002,30,02,1.0
31023,3101,31,01,1.0
31025,3101,31,01,1.0
31037,3101,31,01,1.0
31039,3101,31,01,1.0
31053,3101,31,01,1.0
31109,3101,31,01,1.0
31119,3101,31,01,1.0
31141,3101,31,01,1.0
31143,3101,31,01,0.3448
31143,3103,31,03,0.6552
31153,3101,31,01,0.396
31153,3102,31,02,0.604
31159,3101,31,01,1.0
31167,3101,31,01,1.0
31055,3102,31,02,1.0
31155,3102,31,02,1.0
31001,3103,31,03,1.0
31003,3103,31,03,1.0
31005,3103,31,03,1.0
31007,3103,31,03,1.0
31009,3103,31,03,1.0
31011,3103,31,03,1.0
31013,3103,31,03,1.0
31015,3103,31,03,1.0
31017,3103,31,03,1.0
31019,3103,31,03,1.0
31021,3103,31,03,1.0
31027,3103,31,03,1.0
31029,3103,31,03,1.0
31031,3103,31,03,1.0
31033,3103,31,03,1.0
31035,3103,31,03,1.0
31041,3103,31,03,1.0
31043,3103,31,03,1.0
31045,3103,31,03,1.0
31047,3103,31,03,1.0
31049,3103,31,03,1.0
31051,3103,31,03,1.0
31057,3103,31,03,1.0
31059,3103,31,03,1.0
31061,3103,31,03,1.0
31063,3103,31,03,1.0
31065,3103,31,03,1.0
31067,3103,31,03,1.0
31069,3103,31,03,1.0
31071,3103,31,03,1.0
31073,3103,31,03,1.0
31075,3103,31,03,1.0
31077,3103,31,03,1.0
31079,3103,31,03,1.0
31081,3103,31,03,1.0
31083,3103,31,03,1.0
31085,3103,31,03,1.0
31087,3103,31,03,1.0
31089,3103,31,03,1.0
31091,3103,31,03,1.0
31093,3103,31,03,1.0
31095,3103,31,03,1.0
31097,3103,31,03,1.0
31099,3103,31,03,1.0
31101,3103,31,03,1.0
31103,3103,31,03,1.0
31105,3103,31,03,1.0
31107,3103,31,03,1.0
31111,3103,31,03,1.0
31113,3103,31,03,1.0
31115,3103,31,03,1.0
31117,3103,31,03,1.0
31121,3103,31,03,1.0
31123,3103,31,03,1.0
31125,3103,31,03,1.0
31127,3103,31,03,1.0
31129,3103,31,03,1.0
31131,3103,31,03,1.0
31133,3103,31,03,1.0
31135,3103,31,03,1.0
31137,3103,31,03,1.0
31139,3103,31,03,1.0
31145,3103,31,03,1.0
31147,3103,31,03,1.0
31149,3103,31,03,1.0
31151,3103,31,03,1.0
31157,3103,31,03,1.0
31161,3103,31,03,1.0
31163,3103,31,03,1.0
31165,3103,31,03,1.0
31169,3103,31,03,1.0
31171,3103,31,03,1.0
31173,3103,31,03,1.0
31175,3103,31,03,1.0
31177,3103,31,03,1.0
31179,3103,31,03,1.0
31181,3103,31,03,1.0
31183,3103,31,03,1.0
31185,3103,31,03,1.0
32003,3201,32,01,0.1267
32003,3203,32,03,0.254
32003,3204,32,04,0.6193
32001,3202,32,02,0.9862
32001,3204,32,04,0.0138
32005,3202,32,02,1.0
32007,3202,32,02,1.0
32011,3202,32,02,1.0
32013,3202,32,02,1.0
32015,3202,32,02,1.0
32017,3202,32,02,0.0049
32017,3204,32,04,0.9951
32019,3202,32,02,0.6315
32019,3204,32,04,0.3685
32027,3202,32,02,1.0
32029,3202,32,02,1.0
32031,3202,32,02,1.0
32033,3202,32,02,1.0
32510,3202,32,02,1.0
32009,3204,32,04,1.0
32021,3204,32,04,1.0
32023,3204,32,04,1.0
33001,3301,33,01,0.8755
33001,3302,33,02,0.1245
33003,3301,33,01,0.7502
33003,3302,33,02,0.2498
33011,3301,33,01,0.1545
33011,3302,33,02,0.8455
33013,3301,33,01,0.0386
33013,3302,33,02,0.9614
33015,3301,33,01,0.7963
33015,3302,33,02,0.2037
33017,3301,33,01,1.0
33005,3302,33,02,1.0
33007,3302,33,02,1.0
33009,3302,33,02,1.0
33019,3302,33,02,1.0
34005,3401,34,01,0.0071
34005,3403,34,03,0.9929
34007,3401,34,01,1.0
34015,3401,34,01,0.4379
34015,3402,34,02,0.5621
34001,3402,34,02,1.0
34009,3402,34,02,1.0
34011,3402,34,02,1.0
34029,3402,34,02,0.3039
34029,3404,34,04,0.6961
34033,3402,34,02,1.0
34021,3403,34,03,0.4384
34021,3412,34,12,0.5616
34025,3403,34,03,0.4031
34025,3404,34,04,0.4569
34025,3406,34,06,0.14
34003,3405,34,05,0.7378
34003,3409,34,09,0.2622
34031,3405,34,05,0.6364
34031,3409,34,09,0.2247
34031,3411,34,11,0.1388
34037,3405,34,05,0.6927
34037,3407,34,07,0.3073
34023,3406,34,06,0.4082
34023,3412,34,12,0.5918
34019,3407,34,07,1.0
34027,3407,34,07,0.3621
34027,3411,34,11,0.6379
34035,3407,34,07,0.5915
34035,3412,34,12,0.4085
34039,3407,34,07,0.5687
34039,3408,34,08,0.1199
34039,3410,34,10,0.2535
34039,3412,34,12,0.058
34041,3407,34,07,1.0
34013,3408,34,08,0.0458
34013,3410,34,10,0.3628
34013,3411,34,11,0.5914
34017,3408,34,08,0.7043
34017,3409,34,09,0.1711
34017,3410,34,10,0.1245
35001,3501,35,01,0.4543
35001,3502,35,02,0.5457
35005,3501,35,01,0.3502
35005,3502,35,02,0.1959
35005,3503,35,03,0.4539
35011,3501,35,01,1.0
35019,3501,35,01,1.0
35027,3501,35,01,1.0
35035,3501,35,01,0.0827
35035,3502,35,02,0.9173
35043,3501,35,01,0.1037
35043,3503,35,03,0.8963
35049,3501,35,01,0.067
35049,3503,35,03,0.933
35057,3501,35,01,1.0
35061,3501,35,01,0.308
35061,3502,35,02,0.692
35003,3502,35,02,1.0
35006,3502,35,02,1.0
35013,3502,35,02,1.0
35015,3502,35,02,0.9217
35015,3503,35,03,0.0783
35017,3502,35,02,1.0
35023,3502,35,02,1.0
35025,3502,35,02,0.4678
35025,3503,35,03,0.5322
35029,3502,35,02,1.0
35031,3502,35,02,0.0793
35031,3503,35,03,0.9207
35051,3502,35,02,1.0
35053,3502,35,02,1.0
35007,3503,35,03,1.0
35009,3503,35,03,1.0
35021,3503,35,03,1.0
35028,3503,35,03,1.0
35033,3503,35,03,1.0
35037,3503,35,03,1.0
35039,3503,35,03,1.0
35041,3503,35,03,1.0
35045,3503,35,03,1.0
35047,3503,35,03,1.0
35055,3503,35,03,1.0
35059,3503,35,03,1.0
36103,3601,36,01,0.7284
36103,3602,36,02,0.2446
36103,3603,36,03,0.027
36059,3602,36,02,0.0552
36059,3603,36,03,0.5439
36059,3604,36,04,0.4008
36081,3603,36,03,0.1239
36081,3605,36,05,0.4332
36081,3606,36,06,0.2373
36081,3607,36,07,0.108
36081,3614,36,14,0.0976
36047,3607,36,07,0.1471
36047,3608,36,08,0.3846
36047,3609,36,09,0.2192
36047,3610,36,10,0.1525
36047,3611,36,11,0.0967
36061,3610,36,10,0.2097
36061,3612,36,12,0.4224
36061,3613,36,13,0.3679
36085,3611,36,11,1.0
36005,3613,36,13,0.0634
36005,3614,36,14,0.4438
36005,3615,36,15,0.441
36005,3616,36,16,0.0518
36119,3616,36,16,0.2829
36119,3617,36,17,0.7171
36027,3617,36,17,0.1405
36027,3618,36,18,0.8595
36079,3617,36,17,1.0
36087,3617,36,17,1.0
36071,3618,36,18,1.0
36111,3618,36,18,0.3264
36111,3619,36,19,0.6736
36007,3619,36,19,1.0
36017,3619,36,19,1.0
36021,3619,36,19,1.0
36023,3619,36,19,0.5167
36023,3622,36,22,0.4833
36025,3619,36,19,1.0
36039,3619,36,19,1.0
36077,3619,36,19,1.0
36083,3619,36,19,0.678
36083,3620,36,20,0.322
36105,3619,36,19,1.0
36109,3619,36,19,1.0
36001,3620,36,20,1.0
36057,3620,36,20,0.2124
36057,3621,36,21,0.7876
36091,3620,36,20,0.4231
36091,3621,36,21,0.5769
36093,3620,36,20,1.0
36019,3621,36,21,1.0
36031,3621,36,21,1.0
36033,3621,36,21,1.0
36035,3621,36,21,1.0
36041,3621,36,21,1.0
36043,3621,36,21,1.0
36045,3621,36,21,0.2186
36045,3624,36,24,0.7814
36049,3621,36,21,1.0
36065,3621,36,21,0.7149
36065,3622,36,22,0.2851
36089,3621,36,21,1.0
36095,3621,36,21,1.0
36113,3621,36,21,1.0
36115,3621,36,21,1.0
36011,3622,36,22,0.5813
36011,3624,36,24,0.4187
36053,3622,36,22,1.0
36067,3622,36,22,1.0
36003,3623,36,23,1.0
36009,3623,36,23,1.0
36013,3623,36,23,1.0
36015,3623,36,23,1.0
36029,3623,36,23,0.8065
36029,3626,36,26,0.1935
36063,3623,36,23,0.0983
36063,3624,36,24,0.7875
36063,3626,36,26,0.1142
36097,3623,36,23,0.492
36097,3624,36,24,0.508
36101,3623,36,23,0.7768
36101,3624,36,24,0.2232
36107,3623,36,23,1.0
36037,3624,36,24,1.0
36051,3624,36,24,1.0
36069,3624,36,24,0.9212
36069,3625,36,25,0.0788
36073,3624,36,24,1.0
36075,3624,36,24,1.0
36099,3624,36,24,1.0
36117,3624,36,24,1.0
36121,3624,36,24,1.0
36123,3624,36,24,1.0
36055,3625,36,25,1.0
37015,3701,37,01,1.0
37029,3701,37,01,1.0
37041,3701,37,01,1.0
37053,3701,37,01,1.0
37065,3701,37,01,1.0
37073,3701,37,01,1.0
37077,3701,37,01,0.0584
37077,3713,37,13,0.9416
37079,3701,37,01,1.0
37083,3701,37,01,1.0
37091,3701,37,01,1.0
37107,3701,37,01,1.0
37117,3701,37,01,1.0
37127,3701,37,01,1.0
37131,3701,37,01,1.0
37139,3701,37,01,1.0
37143,3701,37,01,1.0
37177,3701,37,01,1.0
37181,3701,37,01,1.0
37185,3701,37,01,1.0
37187,3701,37,01,1.0
37191,3701,37,01,1.0
37195,3701,37,01,1.0
37183,3702,37,02,0.49
37183,3704,37,04,0.1947
37183,3713,37,13,0.3153
37013,3703,37,03,1.0
37031,3703,37,03,1.0
37049,3703,37,03,1.0
37055,3703,37,03,1.0
37061,3703,37,03,1.0
37095,3703,37,03,1.0
37103,3703,37,03,1.0
37133,3703,37,03,1.0
37137,3703,37,03,1.0
37147,3703,37,03,1.0
37163,3703,37,03,0.8146
37163,3707,37,07,0.1854
37037,3704,37,04,0.3012
37037,3709,37,09,0.6988
37063,3704,37,04,1.0
37135,3704,37,04,1.0
37003,3705,37,05,1.0
37005,3705,37,05,1.0
37009,3705,37,05,1.0
37027,3705,37,05,1.0
37081,3705,37,05,0.3008
37081,3706,37,06,0.1554
37081,3709,37,09,0.5438
37157,3705,37,05,1.0
37169,3705,37,05,1.0
37171,3705,37,05,1.0
37189,3705,37,05,1.0
37193,3705,37,05,1.0
37025,3706,37,06,0.2232
37025,3708,37,08,0.7768
37057,3706,37,06,1.0
37059,3706,37,06,1.0
37067,3706,37,06,0.3495
37067,3710,37,10,0.6505
37159,3706,37,06,1.0
37017,3707,37,07,1.0
37019,3707,37,07,1.0
37047,3707,37,07,1.0
37051,3707,37,07,0.7961
37051,3709,37,09,0.2039
37129,3707,37,07,1.0
37141,3707,37,07,1.0
37155,3707,37,07,0.4436
37155,3708,37,08,0.5564
37007,3708,37,08,1.0
37119,3708,37,08,0.1406
37119,3712,37,12,0.522
37119,3714,37,14,0.3373
37123,3708,37,08,1.0
37153,3708,37,08,1.0
37165,3708,37,08,1.0
37167,3708,37,08,1.0
37179,3708,37,08,1.0
37001,3709,37,09,1.0
37093,3709,37,09,1.0
37125,3709,37,09,1.0
37151,3709,37,09,1.0
37035,3710,37,10,1.0
37097,3710,37,10,1.0
37109,3710,37,10,1.0
37197,3710,37,10,1.0
37011,3711,37,11,1.0
37021,3711,37,11,1.0
37039,3711,37,11,1.0
37043,3711,37,11,1.0
37075,3711,37,11,1.0
37087,3711,37,11,1.0
37089,3711,37,11,1.0
37099,3711,37,11,1.0
37111,3711,37,11,1.0
37113,3711,37,11,1.0
37115,3711,37,11,1.0
37121,3711,37,11,1.0
37149,3711,37,11,0.4781
37149,3714,37,14,0.5219
37173,3711,37,11,1.0
37175,3711,37,11,1.0
37199,3711,37,11,1.0
37033,3713,37,13,1.0
37069,3713,37,13,1.0
37085,3713,37,13,1.0
37101,3713,37,13,1.0
37105,3713,37,13,1.0
37145,3713,37,13,1.0
37023,3714,37,14,1.0
37045,3714,37,14,1.0
37071,3714,37,14,1.0
37161,3714,37,14,1.0
38001,3800,38,00,1.0
38003,3800,38,00,1.0
38005,3800,38,00,1.0
38007,3800,38,00,1.0
38009,3800,38,00,1.0
38011,3800,38,00,1.0
38013,3800,38,00,1.0
38015,3800,38,00,1.0
38017,3800,38,00,1.0
38019,3800,38,00,1.0
38021,3800,38,00,1.0
38023,3800,38,00,1.0
38025,3800,38,00,1.0
38027,3800,38,00,1.0
38029,3800,38,00,1.0
38031,3800,38,00,1.0
38033,3800,38,00,1.0
38035,3800,38,00,1.0
38037,3800,38,00,1.0
38039,3800,38,00,1.0
38041,3800,38,00,1.0
38043,3800,38,00,1.0
38045,3800,38,00,1.0
38047,3800,38,00,1.0
38049,3800,38,00,1.0
38051,3800,38,00,1.0
38053,3800,38,00,1.0
38055,3800,38,00,1.0
38057,3800,38,00,1.0
38059,3800,38,00,1.0
38061,3800,38,00,1.0
38063,3800,38,00,1.0
38065,3800,38,00,1.0
38067,3800,38,00,1.0
38069,3800,38,00,1.0
38071,3800,38,00,1.0
38073,3800,38,00,1.0
38075,3800,38,00,1.0
38077,3800,38,00,1.0
38079,3800,38,00,1.0
38081,3800,38,00,1.0
38083,3800,38,00,1.0
38085,3800,38,00,1.0
38087,3800,38,00,1.0
38089,3800,38,00,1.0
38091,3800,38,00,1.0
38093,3800,38,00,1.0
38095,3800,38,00,1.0
38097,3800,38,00,1.0
38099,3800,38,00,1.0
38101,3800,38,00,1.0
38103,3800,38,00,1.0
38105,3800,38,00,1.0
39061,3901,39,01,0.493
39061,3908,39,08,0.507
39165,3901,39,01,1.0
39001,3902,39,02,1.0
39015,3902,39,02,1.0
39025,3902,39,02,1.0
39027,3902,39,02,1.0
39047,3902,39,02,0.1249
39047,3915,39,15,0.8751
39053,3902,39,02,1.0
39071,3902,39,02,1.0
39073,3902,39,02,1.0
39079,3902,39,02,1.0
39087,3902,39,02,1.0
39105,3902,39,02,1.0
39129,3902,39,02,1.0
39131,3902,39,02,1.0
39141,3902,39,02,1.0
39145,3902,39,02,1.0
39163,3902,39,02,1.0
39049,3903,39,03,0.4091
39049,3915,39,15,0.5909
39003,3904,39,04,1.0
39005,3904,39,04,1.0
39011,3904,39,04,1.0
39021,3904,39,04,1.0
39041,3904,39,04,0.6737
39041,3912,39,12,0.3263
39065,3904,39,04,1.0
39091,3904,39,04,1.0
39101,3904,39,04,1.0
39117,3904,39,04,1.0
39139,3904,39,04,1.0
39149,3904,39,04,0.5091
39149,3915,39,15,0.4909
39159,3904,39,04,1.0
39175,3904,39,04,0.1284
39175,3905,39,05,0.8716
39033,3905,39,05,1.0
39063,3905,39,05,1.0
39069,3905,39,05,1.0
39077,3905,39,05,1.0
39093,3905,39,05,1.0
39107,3905,39,05,1.0
39125,3905,39,05,1.0
39137,3905,39,05,1.0
39147,3905,39,05,1.0
39161,3905,39,05,1.0
39173,3905,39,05,0.8427
39173,3909,39,09,0.1573
39013,3906,39,06,1.0
39019,3906,39,06,1.0
39029,3906,39,06,1.0
39067,3906,39,06,1.0
39081,3906,39,06,1.0
39099,3906,39,06,1.0
39111,3906,39,06,1.0
39121,3906,39,06,1.0
39151,3906,39,06,0.6447
39151,3913,39,13,0.3553
39157,3906,39,06,0.4263
39157,3912,39,12,0.5737
39167,3906,39,06,1.0
39035,3907,39,07,0.5285
39035,3911,39,11,0.4715
39075,3907,39,07,0.2435
39075,3912,39,12,0.7565
39103,3907,39,07,1.0
39169,3907,39,07,1.0
39017,3908,39,08,1.0
39037,3908,39,08,1.0
39109,3908,39,08,0.2428
39109,3915,39,15,0.7572
39135,3908,39,08,1.0
39039,3909,39,09,1.0
39043,3909,39,09,1.0
39051,3909,39,09,1.0
39095,3909,39,09,1.0
39123,3909,39,09,1.0
39143,3909,39,09,1.0
39171,3909,39,09,1.0
39023,3910,39,10,0.2913
39023,3915,39,15,0.7087
39057,3910,39,10,1.0
39113,3910,39,10,1.0
39009,3912,39,12,1.0
39031,3912,39,12,1.0
39045,3912,39,12,1.0
39059,3912,39,12,1.0
39083,3912,39,12,1.0
39089,3912,39,12,1.0
39115,3912,39,12,1.0
39119,3912,39,12,1.0
39127,3912,39,12,1.0
39133,3913,39,13,0.0094
39133,3914,39,14,0.9906
39153,3913,39,13,1.0
39007,3914,39,14,1.0
39055,3914,39,14,1.0
39085,3914,39,14,1.0
39155,3914,39,14,1.0
39097,3915,39,15,1.0
40037,4001,40,01,0.134
40037,4003,40,03,0.866
40131,4001,40,01,0.0544
40131,4002,40,02,0.9456
40143,4001,40,01,1.0
40145,4001,40,01,0.6127
40145,4002,40,02,0.3873
40001,4002,40,02,1.0
40005,4002,40,02,1.0
40013,4002,40,02,1.0
40021,4002,40,02,1.0
40023,4002,40,02,1.0
40029,4002,40,02,1.0
40035,4002,40,02,1.0
40041,4002,40,02,1.0
40061,4002,40,02,1.0
40063,4002,40,02,1.0
40069,4002,40,02,1.0
40077,4002,40,02,1.0
40079,4002,40,02,1.0
40089,4002,40,02,1.0
40091,4002,40,02,1.0
40095,4002,40,02,1.0
40097,4002,40,02,1.0
40101,4002,40,02,1.0
40105,4002,40,02,1.0
40107,4002,40,02,1.0
40111,4002,40,02,1.0
40115,4002,40,02,1.0
40121,4002,40,02,1.0
40127,4002,40,02,1.0
40135,4002,40,02,1.0
40147,4002,40,02,1.0
40003,4003,40,03,1.0
40007,4003,40,03,1.0
40009,4003,40,03,1.0
40011,4003,40,03,1.0
40015,4003,40,03,1.0
40017,4003,40,03,0.8165
40017,4005,40,05,0.1835
40025,4003,40,03,1.0
40039,4003,40,03,1.0
40043,4003,40,03,1.0
40045,4003,40,03,1.0
40047,4003,40,03,1.0
40053,4003,40,03,1.0
40055,4003,40,03,1.0
40057,4003,40,03,1.0
40059,4003,40,03,1.0
40065,4003,40,03,1.0
40071,4003,40,03,1.0
40073,4003,40,03,1.0
40075,4003,40,03,1.0
40083,4003,40,03,0.4249
40083,4005,40,05,0.5751
40093,4003,40,03,1.0
40103,4003,40,03,1.0
40109,4003,40,03,0.1232
40109,4004,40,04,0.0652
40109,4005,40,05,0.8117
40113,4003,40,03,1.0
40117,4003,40,03,1.0
40119,4003,40,03,1.0
40129,4003,40,03,1.0
40139,4003,40,03,1.0
40149,4003,40,03,1.0
40151,4003,40,03,1.0
40153,4003,40,03,1.0
40019,4004,40,04,1.0
40027,4004,40,04,1.0
40031,4004,40,04,1.0
40033,4004,40,04,1.0
40049,4004,40,04,1.0
40051,4004,40,04,1.0
40067,4004,40,04,1.0
40085,4004,40,04,1.0
40087,4004,40,04,1.0
40099,4004,40,04,1.0
40123,4004,40,04,1.0
40137,4004,40,04,1.0
40141,4004,40,04,1.0
40081,4005,40,05,1.0
40125,4005,40,05,1.0
40133,4005,40,05,1.0
41007,4101,41,01,1.0
41009,4101,41,01,1.0
41051,4101,41,01,0.2214
41051,4103,41,03,0.7516
41051,4105,41,05,0.027
41057,4101,41,01,1.0
41067,4101,41,01,0.9201
41067,4106,41,06,0.0799
41001,4102,41,02,1.0
41005,4102,41,02,0.0126
41005,4103,41,03,0.2887
41005,4105,41,05,0.6809
41005,4106,41,06,0.0178
41013,4102,41,02,1.0
41015,4102,41,02,0.0001
41015,4104,41,04,0.9999
41017,4102,41,02,0.6074
41017,4105,41,05,0.3926
41019,4102,41,02,0.5695
41019,4104,41,04,0.4305
41021,4102,41,02,1.0
41023,4102,41,02,1.0
41025,4102,41,02,1.0
41029,4102,41,02,1.0
41031,4102,41,02,0.9913
41031,4105,41,05,0.0087
41033,4102,41,02,1.0
41035,4102,41,02,1.0
41037,4102,41,02,1.0
41045,4102,41,02,1.0
41047,4102,41,02,0.0054
41047,4105,41,05,0.7007
41047,4106,41,06,0.2938
41049,4102,41,02,1.0
41055,4102,41,02,1.0
41059,4102,41,02,1.0
41061,4102,41,02,1.0
41063,4102,41,02,1.0
41065,4102,41,02,1.0
41069,4102,41,02,1.0
41027,4103,41,03,1.0
41003,4104,41,04,0.9999
41003,4105,41,05,0.0001
41011,4104,41,04,1.0
41039,4104,41,04,1.0
41041,4104,41,04,1.0
41043,4104,41,04,0.0048
41043,4105,41,05,0.9952
41043,4106,41,06,0.0
41053,4104,41,04,0.0
41053,4106,41,06,1.0
41071,4106,41,06,1.0
42017,4201,42,01,1.0
42091,4201,42,01,0.1969
42091,4204,42,04,0.7451
42091,4205,42,05,0.0579
42101,4202,42,02,0.4768
42101,4203,42,03,0.3949
42101,4205,42,05,0.1283
42011,4204,42,04,0.4274
42011,4206,42,06,0.2039
42011,4209,42,09,0.3687
42029,4205,42,05,0.0002
42029,4206,42,06,0.9998
42045,4205,42,05,1.0
42025,4207,42,07,1.0
42077,4207,42,07,1.0
42089,4207,42,07,0.1171
42089,4208,42,08,0.8829
42095,4207,42,07,1.0
42069,4208,42,08,1.0
42079,4208,42,08,0.5651
42079,4209,42,09,0.4349
42103,4208,42,08,1.0
42127,4208,42,08,1.0
42015,4209,42,09,1.0
42037,4209,42,09,1.0
42075,4209,42,09,1.0
42081,4209,42,09,0.2772
42081,4215,42,15,0.7228
42093,4209,42,09,1.0
42097,4209,42,09,1.0
42107,4209,42,09,1.0
42113,4209,42,09,1.0
42115,4209,42,09,1.0
42131,4209,42,09,1.0
42041,4210,42,10,0.7018
42041,4213,42,13,0.2982
42043,4210,42,10,1.0
42133,4210,42,10,0.3837
42133,4211,42,11,0.6163
42071,4211,42,11,1.0
42003,4212,42,12,0.3719
42003,4217,42,17,0.6281
42129,4212,42,12,0.15
42129,4214,42,14,0.85
42001,4213,42,13,1.0
42009,4213,42,13,1.0
42013,4213,42,13,1.0
42021,4213,42,13,1.0
42055,4213,42,13,1.0
42057,4213,42,13,1.0
42061,4213,42,13,1.0
42067,4213,42,13,1.0
42087,4213,42,13,1.0
42099,4213,42,13,1.0
42111,4213,42,13,0.0166
42111,4214,42,14,0.9834
42051,4214,42,14,1.0
42059,4214,42,14,1.0
42063,4214,42,14,0.7497
42063,4215,42,15,0.2503
42125,4214,42,14,1.0
42005,4215,42,15,1.0
42023,4215,42,15,1.0
42027,4215,42,15,1.0
42031,4215,42,15,1.0
42033,4215,42,15,1.0
42035,4215,42,15,1.0
42047,4215,42,15,1.0
42053,4215,42,15,1.0
42065,4215,42,15,1.0
42083,4215,42,15,1.0
42105,4215,42,15,1.0
42109,4215,42,15,1.0
42117,4215,42,15,1.0
42119,4215,42,15,1.0
42121,4215,42,15,0.6882
42121,4216,42,16,0.3118
42123,4215,42,15,1.0
42019,4216,42,16,1.0
42039,4216,42,16,1.0
42049,4216,42,16,1.0
42073,4216,42,16,1.0
42085,4216,42,16,1.0
42007,4217,42,17,1.0
44001,4401,44,01,1.0
44005,4401,44,01,1.0
44007,4401,44,01,0.3451
44007,4402,44,02,0.6549
44003,4402,44,02,1.0
44009,4402,44,02,1.0
45013,4501,45,01,1.0
45015,4501,45,01,1.0
45019,4501,45,01,0.6535
45019,4506,45,06,0.3465
45029,4501,45,01,0.1744
45029,4506,45,06,0.8256
45035,4501,45,01,0.1876
45035,4506,45,06,0.8124
45053,4501,45,01,0.0286
45053,4506,45,06,0.9714
45003,4502,45,02,1.0
45011,4502,45,02,1.0
45063,4502,45,02,1.0
45075,4502,45,02,0.4037
45075,4506,45,06,0.5963
45079,4502,45,02,0.4605
45079,4506,45,06,0.5395
45001,4503,45,03,1.0
45007,4503,45,03,1.0
45037,4503,45,03,1.0
45045,4503,45,03,0.2466
45045,4504,45,04,0.7534
45047,4503,45,03,1.0
45059,4503,45,03,1.0
45065,4503,45,03,1.0
45071,4503,45,03,1.0
45073,4503,45,03,1.0
45077,4503,45,03,1.0
45081,4503,45,03,1.0
45083,4504,45,04,0.7937
45083,4505,45,05,0.2063
45021,4505,45,05,1.0
45023,4505,45,05,1.0
45039,4505,45,05,1.0
45055,4505,45,05,1.0
45057,4505,45,05,1.0
45061,4505,45,05,1.0
45085,4505,45,05,0.6818
45085,4506,45,06,0.3182
45087,4505,45,05,1.0
45091,4505,45,05,1.0
45005,4506,45,06,1.0
45009,4506,45,06,1.0
45017,4506,45,06,1.0
45027,4506,45,06,1.0
45041,4506,45,06,0.0919
45041,4507,45,07,0.9081
45049,4506,45,06,1.0
45089,4506,45,06,1.0
45025,4507,45,07,1.0
45031,4507,45,07,1.0
45033,4507,45,07,1.0
45043,4507,45,07,1.0
45051,4507,45,07,1.0
45067,4507,45,07,1.0
45069,4507,45,07,1.0
46003,4600,46,00,1.0
46005,4600,46,00,1.0
46007,4600,46,00,1.0
46009,4600,46,00,1.0
46011,4600,46,00,1.0
46013,4600,46,00,1.0
46015,4600,46,00,1.0
46017,4600,46,00,1.0
46019,4600,46,00,1.0
46021,4600,46,00,1.0
46023,4600,46,00,1.0
46025,4600,46,00,1.0
46027,4600,46,00,1.0
46029,4600,46,00,1.0
46031,4600,46,00,1.0
46033,4600,46,00,1.0
46035,4600,46,00,1.0
46037,4600,46,00,1.0
46039,4600,46,00,1.0
46041,4600,46,00,1.0
46043,4600,46,00,1.0
46045,4600,46,00,1.0
46047,4600,46,00,1.0
46049,4600,46,00,1.0
46051,4600,46,00,1.0
46053,4600,46,00,1.0
46055,4600,46,00,1.0
46057,4600,46,00,1.0
46059,4600,46,00,1.0
46061,4600,46,00,1.0
46063,4600,46,00,1.0
46065,4600,46,00,1.0
46067,4600,46,00,1.0
46069,4600,46,00,1.0
46071,4600,46,00,1.0
46073,4600,46,00,1.0
46075,4600,46,00,1.0
46077,4600,46,00,1.0
46079,4600,46,00,1.0
46081,4600,46,00,1.0
46083,4600,46,00,1.0
46085,4600,46,00,1.0
46087,4600,46,00,1.0
46089,4600,46,00,1.0
46091,4600,46,00,1.0
46093,4600,46,00,1.0
46095,4600,46,00,1.0
46097,4600,46,00,1.0
46099,4600,46,00,1.0
46101,4600,46,00,1.0
46102,4600,46,00,1.0
46103,4600,46,00,1.0
46105,4600,46,00,1.0
46107,4600,46,00,1.0
46109,4600,46,00,1.0
46111,4600,46,00,1.0
46115,4600,46,00,1.0
46117,4600,46,00,1.0
46119,4600,46,00,1.0
46121,4600,46,00,1.0
46123,4600,46,00,1.0
46125,4600,46,00,1.0
46127,4600,46,00,1.0
46129,4600,46,00,1.0
46135,4600,46,00,1.0
46137,4600,46,00,1.0
47019,4701,47,01,1.0
47029,4701,47,01,1.0
47059,4701,47,01,1.0
47063,4701,47,01,1.0
47067,4701,47,01,1.0
47073,4701,47,01,1.0
47089,4701,47,01,0.9705
47089,4702,47,02,0.0295
47091,4701,47,01,1.0
47155,4701,47,01,1.0
47163,4701,47,01,1.0
47171,4701,47,01,1.0
47179,4701,47,01,1.0
47009,4702,47,02,1.0
47013,4702,47,02,0.6931
47013,4703,47,03,0.3069
47025,4702,47,02,1.0
47057,4702,47,02,1.0
47093,4702,47,02,1.0
47105,4702,47,02,1.0
47173,4702,47,02,1.0
47001,4703,47,03,1.0
47011,4703,47,03,1.0
47065,4703,47,03,1.0
47107,4703,47,03,1.0
47123,4703,47,03,1.0
47129,4703,47,03,1.0
47139,4703,47,03,1.0
47145,4703,47,03,1.0
47151,4703,47,03,0.4083
47151,4706,47,06,0.5917
47003,4704,47,04,1.0
47007,4704,47,04,1.0
47031,4704,47,04,1.0
47051,4704,47,04,1.0
47055,4704,47,04,1.0
47061,4704,47,04,1.0
47099,4704,47,04,1.0
47103,4704,47,04,1.0
47115,4704,47,04,1.0
47121,4704,47,04,1.0
47127,4704,47,04,1.0
47143,4704,47,04,1.0
47149,4704,47,04,1.0
47153,4704,47,04,1.0
47177,4704,47,04,0.9881
47177,4706,47,06,0.0119
47037,4705,47,05,0.369
47037,4706,47,06,0.2216
47037,4707,47,07,0.4093
47101,4705,47,05,1.0
47117,4705,47,05,1.0
47119,4705,47,05,1.0
47187,4705,47,05,0.5331
47187,4707,47,07,0.4669
47189,4705,47,05,0.511
47189,4706,47,06,0.489
47015,4706,47,06,1.0
47027,4706,47,06,1.0
47035,4706,47,06,1.0
47041,4706,47,06,1.0
47049,4706,47,06,1.0
47087,4706,47,06,1.0
47111,4706,47,06,1.0
47133,4706,47,06,1.0
47137,4706,47,06,1.0
47141,4706,47,06,1.0
47159,4706,47,06,1.0
47165,4706,47,06,1.0
47169,4706,47,06,1.0
47175,4706,47,06,1.0
47185,4706,47,06,1.0
47005,4707,47,07,0.8092
47005,4708,47,08,0.1908
47021,4707,47,07,1.0
47039,4707,47,07,1.0
47043,4707,47,07,1.0
47081,4707,47,07,1.0
47083,4707,47,07,1.0
47085,4707,47,07,1.0
47125,4707,47,07,1.0
47135,4707,47,07,1.0
47147,4707,47,07,1.0
47161,4707,47,07,1.0
47181,4707,47,07,1.0
47017,4708,47,08,1.0
47023,4708,47,08,1.0
47033,4708,47,08,1.0
47045,4708,47,08,1.0
47047,4708,47,08,1.0
47053,4708,47,08,1.0
47069,4708,47,08,1.0
47071,4708,47,08,1.0
47075,4708,47,08,1.0
47077,4708,47,08,1.0
47079,4708,47,08,1.0
47095,4708,47,08,1.0
47097,4708,47,08,1.0
47109,4708,47,08,1.0
47113,4708,47,08,1.0
47131,4708,47,08,1.0
47157,4708,47,08,0.3099
47157,4709,47,09,0.6901
47167,4708,47,08,0.4467
47167,4709,47,09,0.5533
47183,4708,47,08,1.0
48037,4801,48,01,0.6339
48037,4804,48,04,0.3661
48063,4801,48,01,1.0
48067,4801,48,01,1.0
48159,4801,48,01,1.0
48183,4801,48,01,1.0
48203,4801,48,01,1.0
48315,4801,48,01,1.0
48343,4801,48,01,1.0
48365,4801,48,01,1.0
48387,4801,48,01,0.4869
48387,4804,48,04,0.5131
48401,4801,48,01,1.0
48403,4801,48,01,1.0
48405,4801,48,01,1.0
48419,4801,48,01,1.0
48423,4801,48,01,1.0
48449,4801,48,01,1.0
48459,4801,48,01,0.4984
48459,4805,48,05,0.5016
48201,4802,48,02,0.1599
48201,4807,48,07,0.042
48201,4808,48,08,0.1329
48201,4809,48,09,0.0713
48201,4818,48,18,0.1352
48201,4822,48,22,0.0103
48201,4829,48,29,0.1205
48201,4836,48,36,0.1477
48201,4838,48,38,0.1802
48339,4802,48,02,0.3411
48339,4808,48,08,0.6589
48085,4803,48,03,0.7979
48085,4804,48,04,0.1789
48085,4832,48,32,0.0232
48231,4803,48,03,0.9095
48231,4804,48,04,0.0905
48119,4804,48,04,1.0
48121,4804,48,04,0.0189
48121,4813,48,13,0.2507
48121,4826,48,26,0.7257
48121,4832,48,32,0.0047
48147,4804,48,04,1.0
48181,4804,48,04,1.0
48223,4804,48,04,1.0
48277,4804,48,04,1.0
48379,4804,48,04,1.0
48397,4804,48,04,1.0
48113,4805,48,05,0.186
48113,4806,48,06,0.057
48113,4824,48,24,0.1062
48113,4830,48,30,0.3924
48113,4832,48,32,0.1438
48113,4833,48,33,0.1147
48213,4805,48,05,1.0
48257,4805,48,05,1.0
48467,4805,48,05,1.0
48499,4805,48,05,1.0
48001,4806,48,06,1.0
48073,4806,48,06,1.0
48139,4806,48,06,1.0
48161,4806,48,06,0.5825
48161,4817,48,17,0.4175
48217,4806,48,06,1.0
48251,4806,48,06,0.3198
48251,4825,48,25,0.6802
48349,4806,48,06,1.0
48439,4806,48,06,0.0528
48439,4812,48,12,0.4269
48439,4824,48,24,0.2057
48439,4825,48,25,0.1607
48439,4826,48,26,0.0023
48439,4830,48,30,0.0146
48439,4833,48,33,0.1371
48157,4807,48,07,0.0684
48157,4809,48,09,0.0753
48157,4822,48,22,0.8563
48373,4808,48,08,1.0
48407,4808,48,08,1.0
48471,4808,48,08,0.3929
48471,4817,48,17,0.6071
48039,4809,48,09,0.0227
48039,4814,48,14,0.8146
48039,4822,48,22,0.1627
48015,4810,48,10,1.0
48021,4810,48,10,0.5133
48021,4827,48,27,0.4867
48041,4810,48,10,1.0
48051,4810,48,10,1.0
48089,4810,48,10,1.0
48149,4810,48,10,1.0
48185,4810,48,10,1.0
48287,4810,48,10,1.0
48313,4810,48,10,1.0
48453,4810,48,10,0.3938
48453,4817,48,17,0.0638
48453,4821,48,21,0.047
48453,4835,48,35,0.2868
48453,4837,48,37,0.2085
48473,4810,48,10,1.0
48477,4810,48,10,1.0
48491,4810,48,10,0.0162
48491,4817,48,17,0.1881
48491,4831,48,31,0.7811
48491,4837,48,37,0.0145
48027,4811,48,11,0.1694
48027,4831,48,31,0.8306
48049,4811,48,11,1.0
48081,4811,48,11,1.0
48083,4811,48,11,1.0
48095,4811,48,11,1.0
48135,4811,48,11,1.0
48173,4811,48,11,1.0
48235,4811,48,11,1.0
48267,4811,48,11,1.0
48281,4811,48,11,1.0
48299,4811,48,11,1.0
48307,4811,48,11,1.0
48319,4811,48,11,1.0
48327,4811,48,11,1.0
48329,4811,48,11,1.0
48333,4811,48,11,1.0
48399,4811,48,11,1.0
48411,4811,48,11,1.0
48431,4811,48,11,1.0
48451,4811,48,11,1.0
48367,4812,48,12,0.6588
48367,4825,48,25,0.3412
48009,4813,48,13,1.0
48011,4813,48,13,1.0
48023,4813,48,13,1.0
48045,4813,48,13,1.0
48065,4813,48,13,1.0
48075,4813,48,13,1.0
48077,4813,48,13,1.0
48087,4813,48,13,1.0
48101,4813,48,13,1.0
48111,4813,48,13,1.0
48117,4813,48,13,1.0
48125,4813,48,13,1.0
48129,4813,48,13,1.0
48155,4813,48,13,1.0
48179,4813,48,13,1.0
48191,4813,48,13,1.0
48195,4813,48,13,1.0
48197,4813,48,13,1.0
48205,4813,48,13,1.0
48211,4813,48,13,1.0
48233,4813,48,13,1.0
48269,4813,48,13,1.0
48275,4813,48,13,1.0
48295,4813,48,13,1.0
48337,4813,48,13,1.0
48341,4813,48,13,1.0
48345,4813,48,13,1.0
48357,4813,48,13,1.0
48359,4813,48,13,1.0
48375,4813,48,13,1.0
48381,4813,48,13,1.0
48393,4813,48,13,1.0
48421,4813,48,13,1.0
48483,4813,48,13,1.0
48485,4813,48,13,1.0
48487,4813,48,13,1.0
48497,4813,48,13,0.5012
48497,4826,48,26,0.4988
48071,4814,48,14,0.0079
48071,4836,48,36,0.9921
48167,4814,48,14,1.0
48245,4814,48,14,0.7099
48245,4836,48,36,0.2901
48361,4814,48,14,1.0
48047,4815,48,15,1.0
48187,4815,48,15,0.7862
48187,4828,48,28,0.2138
48215,4815,48,15,0.8093
48215,4834,48,34,0.1907
48249,4815,48,15,1.0
48255,4815,48,15,1.0
48297,4815,48,15,1.0
48493,4815,48,15,1.0
48141,4816,48,16,0.3113
48141,4823,48,23,0.6887
48005,4817,48,17,1.0
48145,4817,48,17,1.0
48225,4817,48,17,1.0
48289,4817,48,17,1.0
48293,4817,48,17,1.0
48309,4817,48,17,1.0
48331,4817,48,17,1.0
48347,4817,48,17,1.0
48395,4817,48,17,1.0
48455,4817,48,17,1.0
48003,4819,48,19,1.0
48017,4819,48,19,1.0
48033,4819,48,19,1.0
48059,4819,48,19,0.0824
48059,4825,48,25,0.9176
48069,4819,48,19,1.0
48079,4819,48,19,1.0
48107,4819,48,19,1.0
48115,4819,48,19,1.0
48151,4819,48,19,1.0
48153,4819,48,19,1.0
48165,4819,48,19,1.0
48169,4819,48,19,1.0
48189,4819,48,19,1.0
48207,4819,48,19,1.0
48219,4819,48,19,1.0
48227,4819,48,19,1.0
48253,4819,48,19,1.0
48263,4819,48,19,1.0
48279,4819,48,19,1.0
48303,4819,48,19,1.0
48305,4819,48,19,1.0
48317,4819,48,19,1.0
48335,4819,48,19,1.0
48353,4819,48,19,1.0
48369,4819,48,19,1.0
48415,4819,48,19,1.0
48417,4819,48,19,1.0
48433,4819,48,19,1.0
48437,4819,48,19,1.0
48441,4819,48,19,1.0
48445,4819,48,19,1.0
48447,4819,48,19,1.0
48501,4819,48,19,1.0
48029,4820,48,20,0.1447
48029,4821,48,21,0.1139
48029,4823,48,23,0.4042
48029,4828,48,28,0.2686
48029,4835,48,35,0.0686
48019,4821,48,21,1.0
48031,4821,48,21,1.0
48091,4821,48,21,0.9497
48091,4835,48,35,0.0503
48171,4821,48,21,1.0
48209,4821,48,21,0.8193
48209,4835,48,35,0.1807
48259,4821,48,21,1.0
48265,4821,48,21,1.0
48385,4821,48,21,1.0
48321,4822,48,22,1.0
48481,4822,48,22,1.0
48043,4823,48,23,1.0
48103,4823,48,23,1.0
48105,4823,48,23,1.0
48109,4823,48,23,1.0
48127,4823,48,23,1.0
48137,4823,48,23,1.0
48163,4823,48,23,1.0
48229,4823,48,23,1.0
48243,4823,48,23,1.0
48271,4823,48,23,1.0
48283,4823,48,23,1.0
48301,4823,48,23,1.0
48323,4823,48,23,1.0
48325,4823,48,23,1.0
48371,4823,48,23,1.0
48377,4823,48,23,1.0
48383,4823,48,23,1.0
48389,4823,48,23,1.0
48413,4823,48,23,1.0
48435,4823,48,23,1.0
48443,4823,48,23,1.0
48461,4823,48,23,1.0
48463,4823,48,23,1.0
48465,4823,48,23,1.0
48475,4823,48,23,1.0
48495,4823,48,23,1.0
48507,4823,48,23,1.0
48093,4825,48,25,1.0
48133,4825,48,25,1.0
48143,4825,48,25,1.0
48221,4825,48,25,1.0
48237,4825,48,25,1.0
48363,4825,48,25,1.0
48425,4825,48,25,1.0
48429,4825,48,25,1.0
48503,4825,48,25,1.0
48097,4826,48,26,1.0
48007,4827,48,27,1.0
48025,4827,48,27,1.0
48055,4827,48,27,1.0
48057,4827,48,27,1.0
48123,4827,48,27,1.0
48175,4827,48,27,1.0
48177,4827,48,27,1.0
48239,4827,48,27,1.0
48285,4827,48,27,1.0
48355,4827,48,27,1.0
48391,4827,48,27,1.0
48409,4827,48,27,1.0
48469,4827,48,27,1.0
48013,4828,48,28,1.0
48131,4828,48,28,1.0
48247,4828,48,28,1.0
48311,4828,48,28,1.0
48427,4828,48,28,1.0
48479,4828,48,28,1.0
48505,4828,48,28,1.0
48035,4831,48,31,1.0
48053,4831,48,31,1.0
48099,4831,48,31,1.0
48193,4831,48,31,1.0
48061,4834,48,34,1.0
48261,4834,48,34,1.0
48273,4834,48,34,1.0
48489,4834,48,34,1.0
48199,4836,48,36,1.0
48241,4836,48,36,1.0
48291,4836,48,36,1.0
48351,4836,48,36,1.0
48457,4836,48,36,1.0
49003,4901,49,01,1.0
49005,4901,49,01,1.0
49011,4901,49,01,0.6504
49011,4902,49,02,0.3496
49029,4901,49,01,1.0
49033,4901,49,01,1.0
49035,4901,49,01,0.1636
49035,4902,49,02,0.2678
49035,4903,49,03,0.2699
49035,4904,49,04,0.2987
49043,4901,49,01,0.3952
49043,4903,49,03,0.6048
49057,4901,49,01,1.0
49001,4902,49,02,1.0
49017,4902,49,02,1.0
49021,4902,49,02,1.0
49023,4902,49,02,0.7264
49023,4904,49,04,0.2736
49025,4902,49,02,1.0
49027,4902,49,02,1.0
49031,4902,49,02,1.0
49041,4902,49,02,1.0
49045,4902,49,02,1.0
49053,4902,49,02,1.0
49055,4902,49,02,1.0
49007,4903,49,03,1.0
49009,4903,49,03,1.0
49013,4903,49,03,1.0
49015,4903,49,03,1.0
49019,4903,49,03,1.0
49037,4903,49,03,1.0
49047,4903,49,03,1.0
49049,4903,49,03,0.1762
49049,4904,49,04,0.8238
49051,4903,49,03,1.0
49039,4904,49,04,1.0
50001,5000,50,00,1.0
50003,5000,50,00,1.0
50005,5000,50,00,1.0
50007,5000,50,00,1.0
50009,5000,50,00,1.0
50011,5000,50,00,1.0
50013,5000,50,00,1.0
50015,5000,50,00,1.0
50017,5000,50,00,1.0
50019,5000,50,00,1.0
50021,5000,50,00,1.0
50023,5000,50,00,1.0
50025,5000,50,00,1.0
50027,5000,50,00,1.0
51041,5101,51,01,0.5159
51041,5104,51,04,0.4841
51057,5101,51,01,1.0
51073,5101,51,01,1.0
51085,5101,51,01,0.5164
51085,5105,51,05,0.4836
51087,5101,51,01,0.3074
51087,5104,51,04,0.6926
51095,5101,51,01,1.0
51097,5101,51,01,1.0
51101,5101,51,01,1.0
51103,5101,51,01,1.0
51115,5101,51,01,1.0
51119,5101,51,01,1.0
51127,5101,51,01,1.0
51133,5101,51,01,1.0
51159,5101,51,01,1.0
51193,5101,51,01,1.0
51199,5101,51,01,1.0
51735,5101,51,01,1.0
51830,5101,51,01,1.0
51001,5102,51,02,1.0
51093,5102,51,02,1.0
51131,5102,51,02,1.0
51175,5102,51,02,0.3819
51175,5104,51,04,0.6181
51550,5102,51,02,0.866
51550,5103,51,03,0.134
51620,5102,51,02,1.0
51800,5102,51,02,1.0
51810,5102,51,02,1.0
51650,5103,51,03,1.0
51700,5103,51,03,1.0
51710,5103,51,03,1.0
51740,5103,51,03,1.0
51025,5104,51,04,1.0
51036,5104,51,04,1.0
51053,5104,51,04,1.0
51081,5104,51,04,1.0
51149,5104,51,04,1.0
51181,5104,51,04,1.0
51183,5104,51,04,1.0
51570,5104,51,04,1.0
51595,5104,51,04,1.0
51670,5104,51,04,1.0
51730,5104,51,04,1.0
51760,5104,51,04,1.0
51003,5105,51,05,0.9864
51003,5107,51,07,0.0136
51007,5105,51,05,1.0
51009,5105,51,05,1.0
51011,5105,51,05,1.0
51019,5105,51,05,0.1353
51019,5109,51,09,0.8647
51029,5105,51,05,1.0
51031,5105,51,05,1.0
51037,5105,51,05,1.0
51049,5105,51,05,1.0
51065,5105,51,05,1.0
51075,5105,51,05,1.0
51083,5105,51,05,1.0
51109,5105,51,05,1.0
51111,5105,51,05,1.0
51117,5105,51,05,1.0
51125,5105,51,05,1.0
51135,5105,51,05,1.0
51143,5105,51,05,1.0
51145,5105,51,05,1.0
51147,5105,51,05,1.0
51540,5105,51,05,1.0
51590,5105,51,05,1.0
51680,5105,51,05,1.0
51005,5106,51,06,1.0
51015,5106,51,06,1.0
51017,5106,51,06,1.0
51023,5106,51,06,1.0
51043,5106,51,06,1.0
51069,5106,51,06,1.0
51091,5106,51,06,1.0
51139,5106,51,06,1.0
51161,5106,51,06,0.6559
51161,5109,51,09,0.3441
51163,5106,51,06,1.0
51165,5106,51,06,1.0
51171,5106,51,06,1.0
51187,5106,51,06,1.0
51530,5106,51,06,1.0
51580,5106,51,06,1.0
51660,5106,51,06,1.0
51678,5106,51,06,1.0
51770,5106,51,06,1.0
51775,5106,51,06,1.0
51790,5106,51,06,1.0
51820,5106,51,06,1.0
51840,5106,51,06,1.0
51033,5107,51,07,1.0
51047,5107,51,07,1.0
51079,5107,51,07,1.0
51099,5107,51,07,1.0
51113,5107,51,07,1.0
51137,5107,51,07,1.0
51153,5107,51,07,0.3872
51153,5110,51,10,0.6128
51177,5107,51,07,1.0
51179,5107,51,07,1.0
51630,5107,51,07,1.0
51013,5108,51,08,1.0
51059,5108,51,08,0.2666
51059,5110,51,10,0.1076
51059,5111,51,11,0.6258
51510,5108,51,08,1.0
51610,5108,51,08,1.0
51021,5109,51,09,1.0
51027,5109,51,09,1.0
51035,5109,51,09,1.0
51045,5109,51,09,1.0
51051,5109,51,09,1.0
51063,5109,51,09,1.0
51067,5109,51,09,1.0
51071,5109,51,09,1.0
51077,5109,51,09,1.0
51089,5109,51,09,1.0
51105,5109,51,09,1.0
51121,5109,51,09,1.0
51141,5109,51,09,1.0
51155,5109,51,09,1.0
51167,5109,51,09,1.0
51169,5109,51,09,1.0
51173,5109,51,09,1.0
51185,5109,51,09,1.0
51191,5109,51,09,1.0
51195,5109,51,09,1.0
51197,5109,51,09,1.0
51520,5109,51,09,1.0
51640,5109,51,09,1.0
51690,5109,51,09,1.0
51720,5109,51,09,1.0
51750,5109,51,09,1.0
51061,5110,51,10,1.0
51107,5110,51,10,1.0
51157,5110,51,10,1.0
51683,5110,51,10,1.0
51685,5110,51,10,1.0
51600,5111,51,11,1.0
53033,5301,53,01,0.035
53033,5307,53,07,0.0649
53033,5308,53,08,0.8139
53033,5309,53,09,0.0863
53061,5301,53,01,0.1237
53061,5302,53,02,0.088
53061,5308,53,08,0.7883
53029,5302,53,02,1.0
53055,5302,53,02,1.0
53057,5302,53,02,1.0
53073,5302,53,02,1.0
53011,5303,53,03,1.0
53015,5303,53,03,1.0
53041,5303,53,03,1.0
53049,5303,53,03,1.0
53059,5303,53,03,1.0
53067,5303,53,03,0.391
53067,5310,53,10,0.609
53069,5303,53,03,1.0
53001,5304,53,04,0.0699
53001,5305,53,05,0.9301
53005,5304,53,04,1.0
53017,5304,53,04,0.9996
53017,5308,53,08,0.0004
53021,5304,53,04,0.0969
53021,5305,53,05,0.9031
53025,5304,53,04,1.0
53039,5304,53,04,1.0
53047,5304,53,04,1.0
53077,5304,53,04,1.0
53003,5305,53,05,1.0
53013,5305,53,05,1.0
53019,5305,53,05,1.0
53023,5305,53,05,1.0
53043,5305,53,05,1.0
53051,5305,53,05,1.0
53063,5305,53,05,1.0
53065,5305,53,05,1.0
53071,5305,53,05,1.0
53075,5305,53,05,1.0
53009,5306,53,06,1.0
53027,5306,53,06,1.0
53031,5306,53,06,1.0
53035,5306,53,06,1.0
53045,5306,53,06,1.0
53053,5306,53,06,0.0947
53053,5308,53,08,0.7447
53053,5310,53,10,0.1606
53007,5308,53,08,1.0
53037,5308,53,08,1.0
54005,5401,54,01,1.0
54007,5401,54,01,1.0
54011,5401,54,01,1.0
54013,5401,54,01,1.0
54015,5401,54,01,1.0
54019,5401,54,01,1.0
54021,5401,54,01,1.0
54025,5401,54,01,1.0
54035,5401,54,01,1.0
54039,5401,54,01,1.0
54043,5401,54,01,1.0
54045,5401,54,01,1.0
54047,5401,54,01,1.0
54053,5401,54,01,1.0
54055,5401,54,01,1.0
54059,5401,54,01,1.0
54063,5401,54,01,1.0
54067,5401,54,01,1.0
54071,5401,54,01,1.0
54075,5401,54,01,1.0
54079,5401,54,01,1.0
54081,5401,54,01,1.0
54087,5401,54,01,1.0
54089,5401,54,01,1.0
54099,5401,54,01,1.0
54101,5401,54,01,1.0
54105,5401,54,01,1.0
54109,5401,54,01,1.0
54001,5402,54,02,1.0
54003,5402,54,02,1.0
54009,5402,54,02,1.0
54017,5402,54,02,1.0
54023,5402,54,02,1.0
54027,5402,54,02,1.0
54029,5402,54,02,1.0
54031,5402,54,02,1.0
54033,5402,54,02,1.0
54037,5402,54,02,1.0
54041,5402,54,02,1.0
54049,5402,54,02,1.0
54051,5402,54,02,1.0
54057,5402,54,02,1.0
54061,5402,54,02,1.0
54065,5402,54,02,1.0
54069,5402,54,02,1.0
54073,5402,54,02,1.0
54077,5402,54,02,1.0
54083,5402,54,02,1.0
54085,5402,54,02,1.0
54091,5402,54,02,1.0
54093,5402,54,02,1.0
54095,5402,54,02,1.0
54097,5402,54,02,1.0
54103,5402,54,02,1.0
54107,5402,54,02,1.0
55059,5501,55,01,1.0
55079,5501,55,01,0.3476
55079,5504,55,04,0.5797
55079,5505,55,05,0.0727
55101,5501,55,01,1.0
55105,5501,55,01,0.4512
55105,5502,55,02,0.5488
55127,5501,55,01,0.9389
55127,5505,55,05,0.0611
55025,5502,55,02,1.0
55045,5502,55,02,1.0
55049,5502,55,02,1.0
55065,5502,55,02,1.0
55111,5502,55,02,0.8778
55111,5503,55,03,0.1222
55001,5503,55,03,1.0
55011,5503,55,03,1.0
55017,5503,55,03,0.2137
55017,5507,55,07,0.7863
55023,5503,55,03,1.0
55033,5503,55,03,1.0
55035,5503,55,03,1.0
55043,5503,55,03,1.0
55053,5503,55,03,0.6821
55053,5507,55,07,0.3179
55057,5503,55,03,0.559
55057,5507,55,07,0.441
55063,5503,55,03,1.0
55081,5503,55,03,0.8522
55081,5507,55,07,0.1478
55091,5503,55,03,1.0
55093,5503,55,03,1.0
55097,5503,55,03,1.0
55103,5503,55,03,1.0
55121,5503,55,03,1.0
55123,5503,55,03,1.0
55141,5503,55,03,0.4323
55141,5507,55,07,0.5677
55027,5505,55,05,0.6339
55027,5506,55,06,0.3661
55055,5505,55,05,1.0
55131,5505,55,05,1.0
55133,5505,55,05,1.0
55015,5506,55,06,0.2235
55015,5508,55,08,0.7765
55021,5506,55,06,1.0
55039,5506,55,06,1.0
55047,5506,55,06,1.0
55071,5506,55,06,1.0
55077,5506,55,06,1.0
55089,5506,55,06,1.0
55117,5506,55,06,1.0
55137,5506,55,06,1.0
55139,5506,55,06,0.8937
55139,5508,55,08,0.1063
55003,5507,55,07,1.0
55005,5507,55,07,1.0
55007,5507,55,07,1.0
55013,5507,55,07,1.0
55019,5507,55,07,1.0
55031,5507,55,07,1.0
55037,5507,55,07,1.0
55041,5507,55,07,1.0
55051,5507,55,07,1.0
55067,5507,55,07,1.0
55069,5507,55,07,1.0
55073,5507,55,07,1.0
55085,5507,55,07,1.0
55095,5507,55,07,1.0
55099,5507,55,07,1.0
55107,5507,55,07,1.0
55109,5507,55,07,1.0
55113,5507,55,07,1.0
55119,5507,55,07,1.0
55125,5507,55,07,1.0
55129,5507,55,07,1.0
55009,5508,55,08,1.0
55029,5508,55,08,1.0
55061,5508,55,08,1.0
55075,5508,55,08,1.0
55078,5508,55,08,1.0
55083,5508,55,08,1.0
55087,5508,55,08,1.0
55115,5508,55,08,1.0
55135,5508,55,08,1.0
56001,5600,56,00,1.0
56003,5600,56,00,1.0
56005,5600,56,00,1.0
56007,5600,56,00,1.0
56009,5600,56,00,1.0
56011,5600,56,00,1.0
56013,5600,56,00,1.0
56015,5600,56,00,1.0
56017,5600,56,00,1.0
56019,5600,56,00,1.0
56021,5600,56,00,1.0
56023,5600,56,00,1.0
56025,5600,56,00,1.0
56027,5600,56,00,1.0
56029,5600,56,00,1.0
56031,5600,56,00,1.0
56033,5600,56,00,1.0
56035,5600,56,00,1.0
56037,5600,56,00,1.0
56039,5600,56,00,1.0
56041,5600,56,00,1.0
56043,5600,56,00,1.0
56045,5600,56,00,1.0
