county_fips,pop55
01001,17356
01003,85844
01005,8170
01007,6770
01009,19174
01011,3192
01013,6509
01015,36094
01017,11913
01019,10003
01021,13754
01023,4987
01025,7966
01027,5086
01029,5253
01031,15886
01033,19675
01035,4493
01037,4399
01039,13555
01041,4489
01043,29150
01045,15259
01047,12821
01049,21900
01051,26315
01053,11693
01055,34025
01057,5777
01059,9553
01061,9332
01063,2998
01065,5002
01067,6477
01069,34046
01071,18600
01073,193508
01075,4992
01077,31857
01079,11191
01081,42806
01083,31430
01085,3542
01087,6438
01089,116895
01091,6502
01093,10322
01095,29463
01097,123874
01099,7036
01101,63977
01103,39107
01105,2811
01107,6444
01109,8684
01111,7950
01113,16727
01115,28867
01117,66083
01119,3827
01121,26828
01123,15600
01125,57345
01127,21808
01129,5604
01131,3575
01133,8819
02013,933
02016,1060
02020,69610
02050,3507
02060,297
02063,2013
02066,1012
02068,487
02070,1191
02090,21617
02100,924
02105,1015
02110,9364
02122,20219
02130,4414
02150,3318
02158,1298
02164,214
02170,28763
02180,1825
02185,2336
02188,1413
02195,1309
02198,2117
02220,2665
02230,392
02240,1974
02275,782
02282,216
02290,1597
04001,19211
04003,46567
04005,36304
04007,24657
04009,9461
04011,2364
04012,9006
04013,1246376
04015,104784
04017,35468
04019,349554
04021,148058
04023,14814
04025,120697
04027,62334
05001,5723
05003,6596
05005,19391
05007,71660
05009,13042
05011,3192
05013,1789
05015,10844
05017,3601
05019,5848
05021,5150
05023,10809
05025,2709
05027,6556
05029,7217
05031,27654
05033,18802
05035,13011
05037,5325
05039,2532
05041,3691
05043,5263
05045,30899
05047,5890
05049,5141
05051,38659
05053,5853
05055,13059
05057,6419
05059,11061
05061,3962
05063,11696
05065,5577
05067,5146
05069,20777
05071,7970
05073,2589
05075,5317
05077,2800
05079,3460
05081,4176
05083,7526
05085,19900
05087,5740
05089,7908
05091,12717
05093,11271
05095,2612
05097,3807
05099,2920
05101,3086
05103,8055
05105,3562
05107,5405
05109,3458
05111,7208
05113,7247
05115,18283
05117,3134
05119,114103
05121,6106
05123,6885
05125,38566
05127,3547
05129,3273
05131,37886
05133,4135
05135,7175
05137,5405
05139,12381
05141,6897
05143,55905
05145,23037
05147,2346
05149,6513
06001,448404
06003,649
06005,17755
06007,62581
06009,21179
06011,5936
06013,346627
06015,9194
06017,74722
06019,233801
06021,8233
06023,42652
06025,42395
06027,7352
06029,200278
06031,30636
06033,26118
06035,8522
06037,2666119
06039,39902
06041,98989
06043,7871
06045,33919
06047,61811
06049,3836
06051,4274
06053,111128
06055,46416
06057,45555
06059,912728
06061,137511
06063,9304
06065,657706
06067,426644
06069,16751
06071,516445
06073,881580
06075,244121
06077,192662
06079,96855
06081,226333
06083,121401
06085,504615
06087,83337
06089,63733
06091,1432
06093,18387
06095,135161
06097,169546
06099,136600
06101,27821
06103,22077
06105,7886
06107,103252
06109,23280
06111,252868
06113,51162
06115,19995
08001,113895
08003,4170
08005,168856
08007,6326
08009,1342
08011,1715
08013,91804
08014,20085
08015,8206
08017,621
08019,3754
08021,2537
08023,1592
08025,1452
08027,2832
08029,13440
08031,155586
08033,1249
08035,96465
08037,14884
08039,9617
08041,185219
08043,18226
08045,16469
08047,2471
08049,5914
08051,4456
08053,460
08055,3484
08057,639
08059,180017
08061,543
08063,2330
08065,1660
08067,19345
08069,103660
08071,5801
08073,1725
08075,6674
08077,53209
08079,384
08081,3964
08083,10120
08085,17122
08087,8274
08089,6303
08091,2552
08093,7753
08095,1345
08097,6348
08099,3712
08101,54638
08103,2091
08105,4107
08107,8126
08109,2873
08111,254
08113,2573
08115,955
08117,8832
08119,10966
08121,1717
08123,80770
08125,2954
09001,297730
09003,278589
09005,71627
09007,61817
09009,279557
09011,92957
09013,47895
09015,38906
10001,56918
10003,172703
10005,113863
11001,151648
12001,70793
12003,7533
12005,59883
12007,8714
12009,250536
12011,611136
12013,4366
12015,112729
12017,83424
12019,68546
12021,184816
12023,23852
12027,12352
12029,6600
12031,277498
12033,100062
12035,57446
12037,5267
12039,14677
12041,6519
12043,4806
12045,5796
12047,4484
12049,6971
12051,10118
12053,82855
12055,51016
12057,402343
12059,6669
12061,81928
12063,16138
12065,5879
12067,2622
12069,160652
12071,342197
12073,73011
12075,17935
12077,2076
12079,6693
12081,179393
12083,164928
12085,76237
12086,807308
12087,33745
12089,36777
12091,63338
12093,13470
12095,349679
12097,100012
12099,574731
12101,209045
12103,403417
12105,240842
12107,28923
12109,102186
12111,133504
12113,58996
12115,237521
12117,138284
12119,98781
12121,15996
12123,7471
12125,4776
12127,229096
12129,10628
12131,28659
12133,8286
13001,5779
13003,2210
13005,3169
13007,1102
13009,12904
13011,6084
13013,21193
13015,31013
13017,5353
13019,5669
13021,44819
13023,3857
13025,5657
13027,5879
13029,9729
13031,18039
13033,7546
13035,7464
13037,1615
13039,14775
13043,3390
13045,31395
13047,21484
13049,3399
13051,84793
13053,775
13055,7876
13057,77933
13059,27184
13061,1239
13063,64932
13065,1992
13067,196490
13069,11292
13071,12682
13073,42263
13075,5053
13077,42487
13079,4385
13081,6633
13083,5627
13085,9787
13087,8779
13089,190926
13091,6595
13093,4094
13095,24587
13097,35756
13099,3531
13101,865
13103,16406
13105,6887
13107,6590
13109,3073
13111,12377
13113,41196
13115,28884
13117,62523
13119,7764
13121,254771
13123,13746
13125,958
13127,30604
13129,16532
13131,8317
13133,9213
13135,220426
13137,14832
13139,59037
13141,3472
13143,8901
13145,12050
13147,9767
13149,3664
13151,60941
13153,42761
13155,2783
13157,21488
13159,4940
13161,4204
13163,4986
13165,3284
13167,3055
13169,9066
13171,5771
13173,2778
13175,15212
13177,8434
13179,12381
13181,3247
13183,3654
13185,27414
13187,10628
13189,7055
13191,5114
13193,3853
13195,9552
13197,2859
13199,7434
13201,2106
13205,6714
13207,9552
13209,2694
13211,7133
13213,11478
13215,52752
13217,29374
13219,12238
13221,5103
13223,40755
13225,8574
13227,13137
13229,5829
13231,5756
13233,12238
13235,3588
13237,9071
13239,1132
13241,7499
13243,2245
13245,56050
13247,27818
13249,1290
13251,5004
13253,3583
13255,21344
13257,9204
13259,1325
13261,8593
13263,2579
13265,648
13267,6705
13269,2863
13271,3777
13273,3088
13275,14706
13277,11421
13279,7751
13281,6658
13283,2071
13285,19817
13287,2819
13289,3231
13291,13068
13293,9104
13295,22291
13297,28915
13299,10630
13301,1999
13303,6523
13305,8743
13307,712
13309,1989
13311,10775
13313,27325
13315,2764
13317,3716
13319,3171
13321,7159
15001,75788
15003,311899
15005,16
15007,26009
15009,56201
16001,140659
16003,2226
16005,22824
16007,2188
16009,3915
16011,12704
16013,9328
16015,3833
16017,20863
16019,30230
16021,4696
16023,946
16025,287
16027,61108
16029,2112
16031,6171
16033,158
16035,4029
16037,2492
16039,7415
16041,3641
16043,4209
16045,7352
16047,4719
16049,7623
16051,7139
16053,6143
16055,58659
16057,9900
16059,3815
16061,1594
16063,1455
16065,5086
16067,5919
16069,14531
16071,1503
16073,3917
16075,8289
16077,2221
16079,5246
16081,3195
16083,25418
16085,5125
16087,4236
17001,22217
17003,2041
17005,5337
17007,15798
17009,1824
17011,12284
17013,1808
17015,5965
17017,3948
17019,48538
17021,11684
17023,5270
17025,4586
17027,12273
17029,14461
17031,1443548
17033,6261
17035,3613
17037,24631
17039,5513
17041,6185
17043,283160
17045,6459
17047,2229
17049,11223
17051,6999
17053,4520
17055,13016
17057,11747
17059,1948
17061,4264
17063,14662
17065,2869
17067,6901
17069,1812
17071,2741
17073,17319
17075,10002
17077,14418
17079,3354
17081,12234
17083,7602
17085,9870
17087,4689
17089,143974
17091,32674
17093,28709
17095,17627
17097,204862
17099,37439
17101,4759
17103,12075
17105,12256
17107,8932
17109,8375
17111,95016
17113,43815
17115,35000
17117,16298
17119,84451
17121,12603
17123,4551
17125,4916
17127,5139
17129,4344
17131,5701
17133,11975
17135,9926
17137,11462
17139,4697
17141,17492
17143,54168
17145,6877
17147,5879
17149,5165
17151,1698
17153,1886
17155,2240
17157,10718
17159,5454
17161,47254
17163,77746
17165,8559
17167,64022
17169,2861
17171,1783
17173,8027
17175,1978
17177,17053
17179,43046
17181,6153
17183,24707
17185,4045
17187,5458
17189,5030
17191,5797
17193,5195
17195,19759
17197,189250
17199,22175
17201,89395
17203,12500
18001,9866
18003,105256
18005,23567
18007,2748
18009,4358
18011,19624
18013,6878
18015,7130
18017,12228
18019,36436
18021,8524
18023,9547
18025,3907
18027,9171
18029,17057
18031,8296
18033,13317
18035,33037
18037,14394
18039,55293
18041,8046
18043,24824
18045,5636
18047,7883
18049,6980
18051,10427
18053,21747
18055,10801
18057,90563
18059,24929
18061,13442
18063,48272
18065,16370
18067,27781
18069,12052
18071,13473
18073,10760
18075,6374
18077,11013
18079,8504
18081,45210
18083,11525
18085,25092
18087,10223
18089,153668
18091,36825
18093,15719
18095,41849
18097,236556
18099,14746
18101,3490
18103,11117
18105,34255
18107,12471
18109,23758
18111,4933
18113,14513
18115,2381
18117,6856
18119,8025
18121,5720
18123,6371
18125,4362
18127,54473
18129,8923
18131,4409
18133,11446
18135,8366
18137,9406
18139,5744
18141,77775
18143,7617
18145,14736
18147,7117
18149,7981
18151,12589
18153,6634
18155,3258
18157,40058
18159,5548
18161,2528
18163,55800
18165,5236
18167,30558
18169,10961
18171,3033
18173,20536
18175,9270
18177,21879
18179,9017
18181,8667
18183,11274
19001,2788
19003,1494
19005,5227
19007,4631
19009,2309
19011,8949
19013,37686
19015,9130
19017,7922
19019,6649
19021,5830
19023,5251
19025,3645
19027,7295
19029,4967
19031,6648
19033,16238
19035,4567
19037,4446
19039,3147
19041,5856
19043,6881
19045,16235
19047,5126
19049,23637
19051,2763
19053,2527
19055,6537
19057,13494
19059,7550
19061,31864
19063,3562
19065,7332
19067,5791
19069,3543
19071,2582
19073,3394
19075,4275
19077,4164
19079,5245
19081,4133
19083,6443
19085,5143
19087,6721
19089,3258
19091,3425
19093,2557
19095,5812
19097,7354
19099,12598
19101,6010
19103,34825
19105,7502
19107,3629
19109,5836
19111,12138
19113,67751
19115,3728
19117,3253
19119,3714
19121,5327
19123,7076
19125,10878
19127,12611
19129,4995
19131,3835
19133,3329
19135,2618
19137,3828
19139,13296
19141,4783
19143,2342
19145,5760
19147,3181
19149,8473
19151,2794
19153,125638
19155,30068
19157,6363
19159,1803
19161,3818
19163,52373
19165,4564
19167,9600
19169,21667
19171,5948
19173,2157
19175,4090
19177,2765
19179,11056
19181,15534
19183,7466
19185,2401
19187,12191
19189,3774
19191,7459
19193,28927
19195,2748
19197,4586
20001,4412
20003,2685
20005,4948
20007,1544
20009,8738
20011,4747
20013,3400
20015,19645
20017,969
20019,1329
20021,6762
20023,1048
20025,784
20027,3030
20029,3045
20031,3073
20033,786
20035,10840
20037,10675
20039,1270
20041,6545
20043,2489
20045,27827
20047,1075
20049,1081
20051,7547
20053,2369
20055,8471
20057,7597
20059,8353
20061,5190
20063,1053
20065,1010
20067,1846
20069,1595
20071,399
20073,2499
20075,602
20077,1933
20079,11297
20081,1085
20083,696
20085,4428
20087,6603
20089,1320
20091,170213
20093,1114
20095,2620
20097,849
20099,6939
20101,580
20103,23198
20105,1190
20107,3735
20109,960
20111,8771
20113,9820
20115,4540
20117,3721
20119,1164
20121,11237
20123,2132
20125,10691
20127,2318
20129,892
20131,3384
20133,5295
20135,1102
20137,1817
20139,5703
20141,1477
20143,2060
20145,2352
20147,1936
20149,7018
20151,3063
20153,1059
20155,20781
20157,1936
20159,3089
20161,12290
20163,1966
20165,1119
20167,2695
20169,17481
20171,1611
20173,144426
20175,4446
20177,57504
20179,912
20181,2039
20183,1615
20185,1484
20187,617
20189,1487
20191,7616
20193,2364
20195,1188
20197,2568
20199,621
20201,2093
20203,759
20205,3157
20207,1321
20209,40788
21001,6385
21003,6799
21005,7355
21007,2782
21009,14040
21011,3949
21013,7957
21015,36984
21017,6814
21019,16371
21021,9629
21023,2751
21025,4514
21027,7234
21029,25906
21031,4059
21033,4467
21035,10950
21037,28903
21039,1575
21041,3233
21043,8877
21045,5403
21047,15529
21049,11689
21051,5924
21053,3212
21055,3123
21057,2310
21059,31456
21061,4543
21063,2551
21065,4879
21067,82193
21069,4909
21071,11920
21073,16414
21075,2237
21077,2744
21079,5868
21081,6729
21083,11832
21085,8521
21087,4256
21089,12707
21091,2884
21093,30821
21095,8688
21097,6311
21099,6194
21101,14602
21103,5124
21105,1827
21107,14692
21109,4173
21111,232122
21113,15603
21115,7456
21117,48224
21119,4971
21121,9160
21123,4990
21125,18829
21127,5445
21129,2507
21131,3478
21133,7497
21135,4416
21137,7955
21139,3364
21141,8976
21143,3625
21145,22708
21147,4890
21149,3117
21151,24419
21153,3861
21155,6081
21157,11803
21159,3383
21161,5738
21163,8797
21165,2334
21167,7844
21169,3410
21171,3765
21173,8402
21175,4327
21177,10348
21179,14497
21181,2367
21183,7416
21185,18373
21187,3826
21189,1556
21191,4823
21193,8932
21195,19591
21197,3861
21199,21970
21201,731
21203,5509
21205,6161
21207,6333
21209,14243
21211,14915
21213,5989
21215,6171
21217,8136
21219,3605
21221,5480
21223,2814
21225,4581
21227,33158
21229,4042
21231,6867
21233,4041
21235,10155
21237,2224
21239,9285
22001,16815
22003,6005
22005,31546
22007,7176
22009,11935
22011,10394
22013,4580
22015,34623
22017,72920
22019,59105
22021,2935
22023,1775
22025,2819
22027,4911
22029,5811
22031,8554
22033,118373
22035,1979
22037,6850
22039,9197
22041,6416
22043,6038
22045,20640
22047,9295
22049,5183
22051,137282
22053,9680
22055,65198
22057,28992
22059,3908
22061,11416
22063,36843
22065,2808
22067,8200
22069,10327
22071,109827
22073,43901
22075,6069
22077,7537
22079,38272
22081,2562
22083,6206
22085,7691
22087,11126
22089,15088
22091,3757
22093,6721
22095,12067
22097,24402
22099,15816
22101,15821
22103,85206
22105,36316
22107,1717
22109,30752
22111,7750
22113,16936
22115,11093
22117,14482
22119,12446
22121,7597
22123,3354
22125,4400
22127,4252
23001,36769
23003,27902
23005,104192
23007,11922
23009,23679
23011,45462
23013,17424
23015,16222
23017,24023
23019,53425
23021,7686
23023,14852
23025,19793
23027,16017
23029,13172
23031,80789
24001,23335
24003,170813
24005,264384
24009,29218
24011,10619
24013,56997
24015,33125
24017,46117
24019,12332
24021,79253
24023,11464
24025,82464
24027,92761
24029,8159
24031,314205
24033,265796
24035,18557
24037,31163
24039,7497
24041,16797
24043,48638
24045,30136
24047,23732
24510,158038
25001,115308
25003,52412
25005,183401
25007,9130
25009,261036
25011,28297
25013,145876
25015,51156
25017,471429
25019,4130
25021,227638
25023,182270
25025,184975
25027,266669
26001,5831
26003,3803
26005,38882
26007,11830
26009,10975
26011,6610
26013,3160
26015,21742
26017,37452
26019,8065
26021,54048
26023,14978
26025,42602
26027,19373
26029,11357
26031,11756
26033,11898
26035,12863
26037,25806
26039,5982
26041,15200
26043,10435
26045,36815
26047,13589
26049,130862
26051,11324
26053,6595
26055,34558
26057,12633
26059,16307
26061,10796
26063,13471
26065,72047
26067,19005
26069,12162
26071,5650
26073,15730
26075,52502
26077,70600
26079,6777
26081,174708
26083,1102
26085,5481
26087,32038
26089,11379
26091,33617
26093,68302
26095,2359
26097,5068
26099,282743
26101,11057
26103,21943
26105,11987
26107,13978
26109,10081
26111,28507
26113,5560
26115,53245
26117,21220
26119,4940
26121,55859
26123,18092
26125,408119
26127,10057
26129,9332
26131,3412
26133,8587
26135,3916
26137,9452
26139,84182
26141,6762
26143,12507
26145,63898
26147,57297
26149,19776
26151,15569
26153,3775
26155,23705
26157,19776
26159,25747
26161,97989
26163,516830
26165,11776
27001,8368
27003,105786
27005,13002
27007,13426
27009,10888
27011,2172
27013,17295
27015,9366
27017,11848
27019,29693
27021,13477
27023,4378
27025,18111
27027,15808
27029,3030
27031,2656
27033,4075
27035,26391
27037,126790
27039,5946
27041,15054
27043,5315
27045,7678
27047,11560
27049,16935
27051,2296
27053,348350
27055,7267
27057,9203
27059,13231
27061,18401
27063,3787
27065,5993
27067,14527
27069,1731
27071,5302
27073,2824
27075,4795
27077,1701
27079,9609
27081,2146
27083,7546
27085,12430
27087,1623
27089,3331
27091,7712
27093,8294
27095,9000
27097,12140
27099,12262
27101,3331
27103,10057
27105,6295
27107,2319
27109,46923
27111,24395
27113,4614
27115,11305
27117,3202
27119,10060
27121,4616
27123,147662
27125,1425
27127,5442
27129,5339
27131,19380
27133,3232
27135,5258
27137,69656
27139,38009
27141,24344
27143,5141
27145,44395
27147,12044
27149,2635
27151,3637
27153,9553
27155,1306
27157,8248
27159,4714
27161,5947
27163,81413
27165,3771
27167,2265
27169,15297
27171,37529
27173,3378
28001,10511
28003,10968
28005,5265
28007,5705
28009,2707
28011,8860
28013,4486
28015,3855
28017,5239
28019,3041
28021,2593
28023,5582
28025,6053
28027,5978
28029,9094
28031,5631
28033,47734
28035,18992
28037,2713
28039,6909
28041,3686
28043,6765
28045,17414
28047,61132
28049,62690
28051,4830
28053,2477
28055,407
28057,7303
28059,43887
28061,5679
28063,2411
28065,4269
28067,19936
28069,3000
28071,13144
28073,17052
28075,22431
28077,3934
28079,6479
28081,23245
28083,7346
28085,10832
28087,17306
28089,30930
28091,7789
28093,11216
28095,11342
28097,3584
28099,8207
28101,6256
28103,3142
28105,10549
28107,10128
28109,18749
28111,3792
28113,12006
28115,8633
28117,7463
28119,1892
28121,45059
28123,7805
28125,1276
28127,8378
28129,4855
28131,5676
28133,6721
28135,3676
28137,8332
28139,6438
28141,6554
28143,2437
28145,7965
28147,4724
28149,13889
28151,13563
28153,6170
28155,3264
28157,2751
28159,6088
28161,4446
28163,6757
29001,6396
29003,6289
29005,2091
29007,8069
29009,12668
29011,4071
29013,5493
29015,9724
29017,3888
29019,43985
29021,25663
29023,13694
29025,3052
29027,13877
29029,20447
29031,24233
29033,3046
29035,1852
29037,34330
29039,5467
29041,2929
29043,26315
29045,2423
29047,69190
29049,7106
29051,23524
29053,5562
29055,8179
29057,3059
29059,6111
29061,2932
29063,3740
29065,5378
29067,4711
29069,8871
29071,35762
29073,5769
29075,2077
29077,85880
29079,3456
29081,2980
29083,8242
29085,4281
29087,1767
29089,3358
29091,13259
29093,3584
29095,201125
29097,34255
29099,70444
29101,12980
29103,1347
29105,11587
29107,11013
29109,11924
29111,3249
29113,17291
29115,4205
29117,4602
29119,7007
29121,5405
29123,4236
29125,3213
29127,9142
29129,1275
29131,8484
29133,3845
29135,4438
29137,3477
29139,4140
29141,8389
29143,5443
29145,19167
29147,6133
29149,3343
29151,4342
29153,4051
29155,4748
29157,6292
29159,13100
29161,13202
29163,5671
29165,30757
29167,10121
29169,9479
29171,1835
29173,4009
29175,7511
29177,7950
29179,2429
29181,3745
29183,122917
29185,3913
29186,6799
29187,19931
29189,321433
29195,6950
29197,1317
29199,1479
29201,12011
29203,2772
29205,2213
29207,9769
29209,15540
29211,2104
29213,19950
29215,8856
29217,6729
29219,12060
29221,7595
29223,4504
29225,11378
29227,823
29229,6236
29510,80630
30001,3657
30003,3319
30005,1996
30007,2940
30009,4818
30011,714
30013,27194
30015,2153
30017,4214
30019,655
30021,3102
30023,4040
30025,883
30027,4614
30029,37590
30031,28748
30033,373
30035,3458
30037,414
30039,1647
30041,4529
30043,4929
30045,953
30047,12191
30049,24706
30051,596
30053,9690
30055,843
30057,4290
30059,1097
30061,2143
30063,33541
30065,2271
30067,6979
30069,176
30071,1676
30073,2201
30075,776
30077,2547
30079,554
30081,19632
30083,3420
30085,2477
30087,2513
30089,6394
30091,1432
30093,11729
30095,3684
30097,1445
30099,2359
30101,1549
30103,355
30105,2914
30107,809
30109,435
30111,50845
31001,9916
31003,2425
31005,168
31007,338
31009,202
31011,2101
31013,3693
31015,851
31017,1134
31019,13478
31021,2632
31023,2976
31025,8949
31027,3061
31029,1327
31031,2019
31033,3443
31035,2161
31037,2741
31039,3156
31041,3860
31043,5265
31045,2514
31047,6656
31049,820
31051,1966
31053,11948
31055,147235
31057,739
31059,2196
31061,1254
31063,988
31065,1825
31067,7950
31069,793
31071,727
31073,810
31075,247
31077,890
31079,17045
31081,3210
31083,1300
31085,377
31087,1035
31089,3788
31091,236
31093,2333
31095,2801
31097,1644
31099,2262
31101,3498
31103,382
31105,1460
31107,3332
31109,83099
31111,11628
31113,297
31115,218
31117,181
31119,10698
31121,2746
31123,1620
31125,1273
31127,2320
31129,1845
31131,5475
31133,1070
31135,1024
31137,3063
31139,2502
31141,10595
31143,1954
31145,3767
31147,3160
31149,544
31151,4015
31153,46159
31155,7634
31157,11932
31159,5368
31161,2038
31163,1268
31165,416
31167,2095
31169,1949
31171,271
31173,1547
31175,1619
31177,7074
31179,2668
31181,1282
31183,437
31185,4755
32001,8385
32003,634116
32005,24391
32007,13376
32009,517
32011,739
32013,4831
32015,1537
32017,1478
32019,21848
32021,1810
32023,25242
32027,1978
32029,2200
32031,148641
32033,3030
32510,20462
33001,26576
33003,25067
33005,28445
33007,13421
33009,34647
33011,134475
33013,53420
33015,114870
33017,39779
33019,17398
34001,94385
34003,306758
34005,151738
34007,154372
34009,43331
34011,42700
34013,223888
34015,93014
34017,165828
34019,48537
34021,110312
34023,248522
34025,220939
34027,167447
34029,231758
34031,147080
34033,21857
34035,109174
34037,50956
34039,160178
34041,39035
35001,206334
35003,2286
35005,18251
35006,8105
35007,5384
35009,11173
35011,537
35013,61138
35015,16151
35017,12233
35019,1514
35021,313
35023,1520
35025,15822
35027,9705
35028,6258
35029,8200
35031,17700
35033,2174
35035,19847
35037,3563
35039,14238
35041,4813
35043,49720
35045,35302
35047,10743
35049,65600
35051,5947
35053,5426
35055,15671
35057,5627
35059,1467
35061,24690
36001,96982
36003,15695
36005,367825
36007,66577
36009,26891
36011,27330
36013,45216
36015,28402
36017,17518
36019,26116
36021,25805
36023,13956
36025,18776
36027,100639
36029,313074
36031,15798
36033,15867
36035,18833
36037,20332
36039,18958
36041,2705
36043,22235
36045,29938
36047,694512
36049,9375
36051,21331
36053,23893
36055,240912
36057,16269
36059,453015
36061,480042
36063,75492
36065,76741
36067,151400
36069,41221
36071,109454
36073,14091
36075,38539
36077,21098
36079,33912
36081,717498
36083,51439
36085,151851
36087,92983
36089,34832
36091,81385
36093,49455
36095,11660
36097,6949
36099,11820
36101,32888
36103,494965
36105,26634
36107,18000
36109,27768
36111,65811
36113,26121
36115,22292
36117,32819
36119,314793
36121,14046
36123,9111
37001,52377
37003,12865
37005,5071
37007,7397
37009,11575
37011,6686
37013,18066
37015,6940
37017,11156
37019,75110
37021,92611
37023,32118
37025,58245
37027,28916
37029,3300
37031,29828
37033,8500
37035,52716
37037,31296
37039,13929
37041,5742
37043,5632
37045,32818
37047,17309
37049,33703
37051,77919
37053,9880
37055,15553
37057,56683
37059,15969
37061,16299
37063,83242
37065,17068
37067,114256
37069,22750
37071,68628
37073,4093
37075,3123
37077,19895
37079,6207
37081,151689
37083,17628
37085,33624
37087,25348
37089,47445
37091,7395
37093,11895
37095,1872
37097,58559
37099,14039
37101,58809
37103,3756
37105,19475
37107,19480
37109,30916
37111,15928
37113,16598
37115,8100
37117,8681
37119,258035
37121,6107
37123,9400
37125,37954
37127,31698
37129,73314
37131,7829
37133,37152
37135,40574
37137,5948
37139,12809
37141,20586
37143,5864
37145,14230
37147,43543
37149,9557
37151,46813
37153,13358
37155,32922
37157,33297
37159,46777
37161,23914
37163,18320
37165,10514
37167,20849
37169,17322
37171,25148
37173,4666
37175,15381
37177,1202
37179,62961
37181,13755
37183,277545
37185,8050
37187,4693
37189,15264
37191,34898
37193,24596
37195,25603
37197,13442
37199,7678
38001,918
38003,3983
38005,1595
38007,374
38009,2505
38011,1106
38013,775
38015,29591
38017,42690
38019,1539
38021,1625
38023,877
38025,1381
38027,983
38029,1491
38031,1280
38033,713
38035,17429
38037,1009
38039,1050
38041,1024
38043,1016
38045,1708
38047,818
38049,1940
38051,1212
38053,2667
38055,4047
38057,3155
38059,9853
38061,2419
38063,1378
38065,776
38067,2762
38069,1526
38071,4093
38073,2029
38075,802
38077,5440
38079,3018
38081,1446
38083,596
38085,780
38087,391
38089,8232
38091,732
38093,7322
38095,942
38097,2733
38099,3864
38101,16896
38103,1665
38105,7632
39001,9000
39003,32455
39005,17695
39007,33500
39009,16173
39011,15332
39013,23950
39015,14681
39017,110222
39019,10152
39021,13042
39023,45733
39025,67227
39027,13485
39029,37003
39031,12364
39033,14539
39035,410614
39037,17685
39039,12506
39041,59150
39043,28555
39045,47507
39047,9101
39049,314481
39051,14145
39053,9674
39055,35362
39057,53048
39059,13238
39061,239668
39063,23610
39065,8636
39067,5685
39069,9165
39071,14069
39073,9725
39075,11223
39077,18656
39079,10181
39081,23920
39083,20430
39085,84158
39087,18984
39089,55776
39091,15593
39093,105314
39095,130026
39097,13223
39099,82806
39101,20613
39103,62077
39105,7893
39107,13679
39109,35899
39111,5102
39113,168203
39115,5121
39117,11937
39119,27599
39121,6387
39123,17640
39125,6376
39127,11421
39129,17298
39131,8730
39133,51355
39135,14079
39137,11176
39139,41313
39141,24192
39143,20131
39145,23333
39147,17828
39149,15147
39151,127414
39153,178213
39155,73658
39157,31171
39159,16511
39161,9609
39163,4327
39165,70757
39167,21793
39169,37025
39171,12688
39173,37059
39175,7457
40001,5696
40003,1949
40005,4479
40007,1675
40009,5914
40011,2957
40013,13685
40015,7303
40017,39894
40019,14272
40021,14100
40023,4933
40025,825
40027,75921
40029,1817
40031,29950
40033,2004
40035,4706
40037,23181
40039,7129
40041,16594
40043,1438
40045,1355
40047,17693
40049,7912
40051,16965
40053,1525
40055,1687
40057,836
40059,1134
40061,3937
40063,4092
40065,6695
40067,1874
40069,3252
40071,13868
40073,4458
40075,3033
40077,3338
40079,14997
40081,11309
40083,15609
40085,3173
40087,12349
40089,9365
40091,7874
40093,2626
40095,5675
40097,12702
40099,4683
40101,19605
40103,3827
40105,3260
40107,3531
40109,204436
40111,11663
40113,16438
40115,9238
40117,5234
40119,17928
40121,14466
40123,11097
40125,21329
40127,4068
40129,1208
40131,29717
40133,7421
40135,12745
40137,14884
40139,4677
40141,2418
40143,177626
40145,24941
40147,17137
40149,3700
40151,2408
40153,5600
41001,7064
41003,27094
41005,137667
41007,16079
41009,18384
41011,27739
41013,10364
41015,12529
41017,69417
41019,45576
41021,910
41023,3326
41025,3023
41027,7451
41029,80389
41031,8302
41033,36511
41035,24804
41037,3198
41039,125957
41041,23959
41043,41930
41045,8948
41047,97222
41049,3470
41051,204850
41053,26678
41055,790
41057,11824
41059,22020
41061,8711
41063,3352
41065,9141
41067,153892
41069,760
41071,33251
42001,38300
42003,414106
42005,25706
42007,63142
42009,18717
42011,135574
42013,43149
42015,22367
42017,230774
42019,69236
42021,50715
42023,2101
42025,24707
42027,42702
42029,169034
42031,12792
42033,29162
42035,12437
42037,22051
42039,30585
42041,83770
42043,89128
42045,175964
42047,12356
42049,88748
42051,47237
42053,2760
42055,52767
42057,5446
42059,12044
42061,15620
42063,28089
42065,16219
42067,8346
42069,73833
42071,177927
42073,32185
42075,48216
42077,114194
42079,110730
42081,38958
42083,14265
42085,41511
42087,16503
42089,59174
42091,277826
42093,6628
42095,107367
42097,33322
42099,16250
42101,409413
42103,24874
42105,6729
42107,50779
42109,13237
42111,28501
42113,3002
42115,16017
42117,15677
42119,13587
42121,20438
42123,15473
42125,76731
42127,21313
42129,140031
42131,9795
42133,149236
44001,18156
44003,60394
44005,33824
44007,191347
44009,50388
45001,9052
45003,59055
45005,2703
45007,65633
45009,5000
45011,6715
45013,80485
45015,63849
45017,5710
45019,126058
45021,17224
45023,10770
45025,14535
45027,12344
45029,13462
45031,20779
45033,8502
45035,45186
45037,9155
45039,8375
45041,41687
45043,29487
45045,155376
45047,22178
45049,5899
45051,153784
45053,11637
45055,21860
45057,34353
45059,22360
45061,5638
45063,90055
45065,5384
45067,10094
45069,8658
45071,12926
45073,31701
45075,28996
45077,39051
45079,105057
45081,6696
45083,97461
45085,31427
45087,9727
45089,11093
45091,79673
46003,917
46005,6005
46007,845
46009,2450
46011,7846
46013,11745
46015,1834
46017,339
46019,3563
46021,707
46023,2896
46025,1415
46027,3183
46029,9289
46031,963
46033,4508
46035,6563
46037,2276
46039,1565
46041,1092
46043,1102
46045,1567
46047,3489
46049,796
46051,2865
46053,1577
46055,738
46057,1619
46059,1154
46061,1036
46063,459
46065,5617
46067,2612
46069,593
46071,732
46073,747
46075,328
46077,1971
46079,4281
46081,10311
46083,16829
46085,1171
46087,1799
46089,1029
46091,1656
46093,8945
46095,546
46097,961
46099,51695
46101,2174
46102,2151
46103,37984
46105,1186
46107,1012
46109,3444
46111,860
46115,2496
46117,1140
46119,639
46121,1496
46123,2178
46125,2972
46127,5393
46129,2013
46135,8070
46137,600
47001,26602
47003,13864
47005,6275
47007,5375
47009,48883
47011,33436
47013,13841
47015,4729
47017,9620
47019,21016
47021,12946
47023,5213
47025,10998
47027,3077
47029,13666
47031,18176
47033,4561
47035,29827
47037,167981
47039,4419
47041,6962
47043,16714
47045,11431
47047,16764
47049,7296
47051,15113
47053,15535
47055,11011
47057,8729
47059,26109
47061,4769
47063,20024
47065,115106
47067,2558
47069,8067
47071,10304
47073,21317
47075,6186
47077,9157
47079,12687
47081,8035
47083,2857
47085,6698
47087,4712
47089,20080
47091,6892
47093,137718
47095,1968
47097,7376
47099,13869
47101,4332
47103,12327
47105,24319
47107,18647
47109,8989
47111,7433
47113,30695
47115,10332
47117,10561
47119,31493
47121,4748
47123,17385
47125,44150
47127,2453
47129,6920
47131,10433
47133,7883
47135,3040
47137,2266
47139,6454
47141,22877
47143,11056
47145,21282
47147,21427
47149,76270
47151,6715
47153,5927
47155,34725
47157,243075
47159,6369
47161,5095
47163,58201
47165,59315
47167,17851
47169,2817
47171,6882
47173,6850
47175,2424
47177,12943
47179,42967
47181,5470
47183,10205
47185,9651
47187,68976
47189,44490
48001,15423
48003,3860
48005,25084
48007,10861
48009,3164
48011,727
48013,13236
48015,10631
48017,1805
48019,10235
48021,29150
48023,1448
48025,7090
48027,81312
48029,473757
48031,5318
48033,173
48035,7468
48037,27140
48039,91382
48041,42940
48043,3434
48045,533
48047,2062
48049,13199
48051,6741
48053,19770
48055,13015
48057,6623
48059,5069
48061,100955
48063,3979
48065,2011
48067,10460
48069,2044
48071,11127
48073,15325
48075,1703
48077,4177
48079,692
48081,1396
48083,3295
48085,253065
48087,910
48089,7656
48091,57406
48093,5171
48095,1077
48097,13886
48099,16469
48101,506
48103,1089
48105,936
48107,1597
48109,691
48111,1500
48113,587582
48115,3008
48117,4266
48119,1831
48121,215125
48123,6708
48125,639
48127,2295
48129,1336
48131,2748
48133,6416
48135,31563
48137,450
48139,50749
48141,201594
48143,11086
48145,5465
48147,11573
48149,10407
48151,1254
48153,1672
48155,439
48157,202399
48159,3875
48161,6569
48163,3921
48165,4376
48167,101155
48169,1407
48171,12320
48173,296
48175,2788
48177,6405
48179,5914
48181,43773
48183,34501
48185,9709
48187,47162
48189,8083
48191,1091
48193,3274
48195,1429
48197,1306
48199,17322
48201,1054325
48203,21027
48205,1467
48207,2018
48209,56548
48211,1027
48213,30958
48215,177581
48217,12569
48219,5806
48221,25899
48223,11729
48225,7892
48227,8050
48229,623
48231,29847
48233,6234
48235,603
48237,2628
48239,4836
48241,11364
48243,1055
48245,69679
48247,937
48249,10583
48251,49325
48253,5371
48255,3926
48257,34624
48259,15972
48261,31
48263,406
48265,22844
48267,1932
48269,76
48271,1290
48273,6791
48275,1122
48277,16124
48279,3783
48281,7999
48283,2002
48285,7644
48287,6199
48289,6285
48291,22289
48293,7681
48295,905
48297,3767
48299,11765
48301,52
48303,72868
48305,1583
48307,2869
48309,68778
48311,151
48313,3434
48315,4357
48317,1339
48319,1702
48321,11336
48323,12084
48325,16106
48327,1010
48329,34930
48331,8903
48333,2018
48335,2356
48337,7422
48339,167117
48341,4593
48343,4291
48345,602
48347,17144
48349,15594
48351,4767
48353,4672
48355,96880
48357,2343
48359,439
48361,24421
48363,9948
48365,7522
48367,46459
48369,2641
48371,3581
48373,18671
48375,29025
48377,2119
48379,5076
48381,38982
48383,552
48385,1443
48387,4679
48389,2745
48391,2437
48393,246
48395,5777
48397,28506
48399,3332
48401,15689
48403,4839
48405,3349
48407,10514
48409,18811
48411,2047
48413,808
48415,4553
48417,1175
48419,7372
48421,852
48423,69085
48425,3315
48427,13102
48429,3111
48431,275
48433,493
48435,916
48437,2025
48439,502307
48441,36382
48443,550
48445,3097
48447,618
48449,8145
48451,33395
48453,275627
48455,5921
48457,7161
48459,13742
48461,1048
48463,6614
48465,11094
48467,21120
48469,26341
48471,19669
48473,13095
48475,2754
48477,12986
48479,50830
48481,12673
48483,1655
48485,35017
48487,4033
48489,4922
48491,148935
48493,15777
48495,1925
48497,21324
48499,19659
48501,1776
48503,6072
48505,3047
48507,2341
49001,1802
49003,13851
49005,23493
49007,6223
49009,258
49011,73220
49013,4629
49015,3012
49017,1848
49019,3223
49021,13612
49023,2560
49025,2993
49027,3631
49029,2762
49031,709
49033,857
49035,254541
49037,4075
49039,7136
49041,6110
49043,12633
49045,13855
49047,7855
49049,98897
49051,8812
49053,61898
49055,974
49057,60011
50001,13863
50003,14843
50005,11482
50007,48853
50009,2631
50011,16127
50013,3083
50015,8439
50017,11638
50019,10484
50021,24421
50023,21562
50025,18887
50027,23836
51001,13526
51003,36890
51005,6226
51007,4980
51009,11464
51011,5703
51013,50972
51015,28882
51017,1857
51019,31311
51021,2397
51023,13524
51025,5855
51027,7759
51029,5862
51031,19548
51033,9635
51035,12166
51036,3091
51037,4395
51041,105973
51043,5939
51045,1860
51047,15930
51049,3811
51051,5371
51053,9756
51057,4245
51059,310691
51061,23581
51063,6260
51065,9825
51067,22382
51069,29901
51071,6118
51073,14483
51075,10609
51077,6339
51079,6718
51081,3272
51083,13544
51085,37477
51087,98000
51089,20247
51091,1176
51093,14227
51095,32501
51097,2755
51099,7555
51101,5588
51103,6080
51105,8137
51107,91699
51109,14525
51111,4496
51113,5503
51115,4154
51117,12974
51119,5460
51121,23233
51125,6748
51127,8149
51131,5541
51133,6723
51135,5106
51137,13001
51139,8891
51141,7768
51143,24237
51145,11078
51147,6089
51149,10040
51153,109139
51155,12839
51157,3272
51159,3140
51161,34487
51163,9722
51165,28187
51167,9948
51169,8649
51171,16218
51173,11052
51175,6845
51177,40264
51179,37273
51181,2886
51183,3556
51185,14838
51187,13039
51191,21225
51193,8008
51195,11932
51197,10485
51199,21583
51510,37180
51520,6095
51530,2036
51540,10619
51550,67609
51570,5548
51580,1932
51590,14604
51595,1708
51600,6626
51610,3964
51620,2708
51630,6134
51640,2346
51650,40533
51660,9131
51670,6373
51678,1730
51680,19040
51683,9474
51685,3438
51690,4184
51700,47030
51710,55618
51720,1148
51730,10137
51735,4197
51740,26707
51750,2902
51760,58051
51770,29708
51775,8340
51790,8778
51800,27651
51810,127695
51820,7009
51830,4082
51840,8133
53001,4401
53003,8834
53005,57293
53007,26822
53009,36356
53011,146767
53013,1850
53015,36904
53017,13190
53019,3491
53021,18322
53023,1071
53025,25301
53027,28949
53029,34520
53031,18877
53033,570475
53035,89590
53037,13687
53039,9271
53041,29671
53043,4639
53045,26141
53047,15834
53049,11849
53051,6056
53053,244364
53055,9522
53057,46282
53059,5028
53061,228175
53063,160614
53065,19279
53067,91090
53069,2271
53071,19442
53073,69246
53075,9479
53077,63911
54001,5295
54003,35638
54005,7679
54007,4840
54009,8709
54011,29244
54013,2643
54015,2968
54017,2862
54019,14553
54021,2271
54023,4349
54025,12816
54027,9229
54029,11200
54031,5592
54033,22334
54035,9970
54037,18524
54039,63781
54041,5871
54043,7084
54045,11250
54047,6610
54049,18197
54051,11569
54053,9243
54055,21054
54057,9813
54059,8200
54061,25023
54063,4969
54065,7230
54067,9403
54069,15193
54071,2770
54073,2535
54075,3422
54077,11533
54079,18911
54081,25287
54083,10163
54085,3304
54087,5301
54089,5197
54091,5838
54093,3005
54095,3238
54097,8369
54099,13870
54101,3298
54103,5357
54105,1961
54107,29781
54109,7765
55001,10598
55003,5934
55005,17959
55007,8018
55009,78446
55011,5273
55013,8423
55015,16535
55017,22535
55019,10629
55021,20138
55023,6559
55025,146494
55027,30327
55029,14738
55031,15600
55033,13043
55035,30153
55037,2297
55039,35239
55041,3928
55043,16043
55045,13079
55047,7505
55049,8538
55051,3118
55053,7387
55055,28063
55057,10124
55059,50086
55061,7654
55063,35829
55065,5779
55067,8295
55069,11782
55071,30911
55073,45530
55075,17761
55077,6957
55078,1315
55079,242092
55081,14703
55083,15591
55085,17637
55087,56921
55089,33279
55091,2931
55093,12692
55095,17644
55097,21932
55099,6563
55101,63448
55103,6809
55105,51714
55107,5942
55109,28117
55111,22225
55113,8440
55115,15569
55117,39750
55119,7442
55121,9912
55123,11001
55125,11980
55127,35799
55129,7733
55131,48205
55133,143597
55135,19394
55137,10707
55139,52165
55141,27316
56001,8216
56003,4148
56005,11860
56007,4632
56009,4381
56011,2794
56013,13031
56015,4682
56017,1852
56019,3513
56021,29952
56023,6647
56025,23376
56027,1083
56029,11765
56031,3567
56033,11331
56035,3275
56037,11064
56039,6930
56041,5883
56043,2920
56045,2573
