zip3,county_fips
010,25013
011,25013
012,25003
013,25011
014,25027
015,25027
016,25027
017,25017
018,25017
019,25009
020,25021
021,25025
022,25025
023,25023
024,25017
025,25001
026,25001
027,25005
028,44007
029,44007
030,33011
031,33011
032,33013
033,33013
034,33005
035,33007
036,33019
037,33009
038,33003
039,23031
040,23005
041,23005
042,23017
043,23011
044,23019
045,23015
046,23009
047,23003
048,23013
049,23025
050,50027
051,50027
052,50003
053,50025
054,50007
056,50023
057,50021
058,50019
059,50009
060,09003
061,09003
062,09015
063,09011
064,09007
065,09009
066,09001
067,09005
068,09001
069,09001
070,34013
071,34013
072,34039
073,34017
074,34003
075,34031
076,34003
077,34025
078,34027
079,34027
080,34007
081,34007
082,34009
083,34011
084,34001
085,34021
086,34021
087,34029
088,34023
089,34023
100,36061
101,36061
102,36061
103,36085
104,36005
105,36119
106,36119
107,36119
108,36119
109,36071
110,36059
111,36081
112,36047
113,36081
114,36081
115,36059
116,36081
117,36103
118,36059
119,36103
120,36001
121,36083
122,36001
123,36093
124,36111
125,36027
126,36027
127,36105
128,36113
129,36019
130,36067
131,36075
132,36067
133,36065
134,36065
135,36065
136,36089
137,36025
138,36077
139,36007
140,36029
141,36029
142,36029
143,36063
144,36051
145,36117
146,36055
147,36013
148,36101
149,36015
150,42003
151,42003
152,42003
153,42125
154,42051
155,42111
156,42129
157,42063
158,42047
159,42021
160,42019
161,42085
162,42005
163,42121
164,42049
165,42049
166,42013
167,42083
168,42027
169,42117
170,42075
171,42043
172,42055
173,42133
174,42133
175,42071
176,42071
177,42081
178,42097
179,42107
180,42077
181,42077
182,42079
183,42089
184,42127
185,42069
186,42079
187,42079
188,42115
189,42017
190,42045
191,42101
193,42029
194,42091
195,42011
196,42011
197,10003
198,10003
199,10005
200,11001
201,51107
202,11001
203,11001
204,11001
205,11001
206,24037
207,24033
208,24031
209,24031
210,24025
211,24005
212,24510
214,24003
215,24001
216,24041
217,24021
218,24045
219,24015
220,51059
221,51059
222,51013
223,51059
224,51133
225,51033
226,51069
227,51113
228,51165
229,51003
230,51115
231,51097
232,51087
233,51001
234,51001
235,51710
236,51650
237,51740
238,51025
239,51117
240,51770
241,51071
242,51195
243,51035
244,51015
245,51143
246,51185
247,54055
248,54047
249,54025
250,54039
251,54039
252,54035
253,54039
254,54003
255,54043
256,54045
257,54011
258,54081
259,54019
260,54051
261,54107
262,54083
263,54033
264,54033
265,54049
266,54067
267,54027
268,54031
270,37169
271,37067
272,37081
273,37081
274,37081
275,37183
276,37183
277,37063
278,37131
279,37053
280,37071
281,37179
282,37119
283,37051
284,37047
285,37031
286,37193
287,37089
288,37021
289,37039
290,45063
291,45075
292,45079
293,45083
294,45019
295,45051
296,45045
297,45091
298,45003
299,45013
300,13089
301,13045
302,13077
303,13121
304,13107
305,13139
306,13221
307,13295
308,13073
309,13245
310,13153
312,13021
313,13179
314,13051
315,13127
316,13185
317,13071
318,13145
319,13215
320,12109
321,12127
322,12031
323,12073
324,12005
325,12033
326,12001
327,12117
328,12095
329,12009
330,12011
331,12086
333,12011
334,12099
335,12057
336,12057
337,12103
338,12105
339,12071
341,12021
342,12115
344,12083
346,12101
347,12069
349,12111
350,01073
351,01073
352,01073
354,01125
355,01127
356,01077
357,01071
358,01089
359,01049
360,01051
361,01101
362,01015
363,01069
364,01099
365,01003
366,01097
367,01131
368,01081
369,01023
370,47187
371,47149
372,47037
373,47065
374,47065
376,47179
377,47001
378,47009
379,47093
380,47047
381,47157
382,47131
383,47113
384,47099
385,47141
386,28033
387,28011
388,28081
389,28135
390,28049
391,28089
392,28049
393,28075
394,28067
395,28047
396,28113
397,28087
398,13087
400,21103
401,21027
402,21111
403,21011
404,21109
405,21067
406,21073
407,21125
408,21095
409,21121
410,21037
411,21089
412,21115
413,21025
414,21175
415,21195
416,21071
417,21193
418,21133
420,21083
421,21227
422,21047
423,21177
424,21107
425,21199
426,21147
427,21099
430,39089
431,39045
432,39049
433,39091
434,39173
435,39069
436,39095
437,39059
438,39031
439,39081
440,39093
441,39035
442,39133
443,39153
444,39155
445,39099
446,39151
447,39151
448,39147
449,39139
450,39017
451,39025
452,39061
453,39037
454,39113
455,39023
456,39145
457,39167
458,39003
460,18095
461,18063
462,18097
463,18089
464,18089
465,18085
466,18141
467,18113
468,18003
469,18053
470,18137
471,18019
472,18005
473,18065
474,18105
475,18083
476,18051
477,18163
478,18167
479,18157
480,26099
481,26163
482,26163
483,26125
484,26151
485,26049
486,26145
487,26157
488,26057
489,26065
490,26077
491,26021
492,26075
493,26081
494,26139
495,26081
496,26101
497,26033
498,26103
499,26061
500,19153
501,19127
502,19121
503,19153
504,19033
505,19187
506,19023
507,19013
508,19173
510,19193
511,19193
512,19119
513,19041
514,19027
515,19155
516,19145
520,19061
521,19065
522,19113
523,19011
524,19113
525,19007
526,19111
527,19163
528,19163
530,55027
531,55133
532,55079
534,55101
535,55025
537,55025
538,55043
539,55021
540,55109
541,55083
542,55071
543,55009
544,55073
545,55125
546,55123
547,55017
548,55007
549,55135
550,27163
551,27123
553,27053
554,27053
556,27075
557,27137
558,27137
559,27099
560,27013
561,27105
562,27067
563,27145
564,27035
565,27111
566,27007
567,27089
570,46099
571,46099
572,46051
573,46005
574,46013
575,46123
576,46031
577,46093
580,38017
581,38017
582,38035
583,38071
584,38093
585,38015
586,38089
587,38101
588,38105
590,30003
591,30111
592,30091
593,30075
594,30013
595,30041
596,30049
597,30057
598,30063
599,30029
600,17097
601,17031
602,17031
603,17031
604,17031
605,17043
606,17031
607,17031
608,17031
609,17075
610,17141
611,17201
612,17161
613,17011
614,17095
615,17143
616,17143
617,17113
618,17019
619,17045
620,17119
622,17163
623,17001
624,17079
625,17115
626,17137
627,17167
628,17055
629,17077
630,29071
631,29189
633,29183
634,29111
635,29121
636,29093
637,29031
638,29143
639,29223
640,29095
641,29095
644,29147
645,29021
646,29061
647,29217
648,29097
650,29151
651,29051
652,29019
653,29195
654,29055
655,29215
656,29167
657,29153
658,29077
660,20045
661,20209
662,20091
664,20117
665,20161
666,20177
667,20037
668,20111
669,20201
670,20173
671,20191
672,20173
673,20125
674,20113
675,20155
676,20051
677,20193
678,20057
679,20129
680,31155
681,31055
683,31169
684,31109
685,31109
686,31141
687,31089
688,31019
689,31035
690,31063
691,31111
692,31031
693,31161
700,22051
701,22071
703,22057
704,22103
705,22001
706,22019
707,22077
708,22033
710,22017
711,22017
712,22073
713,22009
714,22069
716,05041
717,05139
718,05057
719,05051
720,05145
721,05119
722,05119
723,05107
724,05031
725,05065
726,05101
727,05007
728,05149
729,05131
730,40015
731,40109
734,40019
735,40031
736,40149
737,40047
738,40045
739,40139
740,40037
741,40143
743,40097
744,40101
745,40121
746,40071
747,40089
748,40125
749,40079
750,48113
751,48113
752,48113
753,48113
754,48147
755,48067
756,48401
757,48423
758,48001
759,48347
760,48439
761,48439
762,48121
763,48485
764,48133
765,48027
766,48217
767,48309
768,48083
769,48451
770,48201
772,48201
773,48339
774,48157
775,48201
776,48245
777,48245
778,48041
779,48469
780,48013
781,48029
782,48029
783,48409
784,48355
785,48215
786,48491
787,48453
788,48465
789,48149
790,48233
791,48375
792,48191
793,48219
794,48303
795,48441
796,48441
797,48135
798,48141
799,48141
800,08005
801,08035
802,08031
803,08013
804,08059
805,08069
806,08123
807,08075
808,08041
809,08041
810,08101
811,08021
812,08051
813,08083
814,08085
815,08077
816,08037
820,56021
821,56029
822,56015
823,56007
824,56003
825,56013
826,56025
827,56011
828,56033
829,56037
830,56039
831,56023
832,16005
833,16083
834,16019
835,16049
836,16027
837,16001
838,16017
840,49035
841,49035
843,49003
844,49057
845,49015
846,49039
847,49053
850,04013
851,04021
852,04013
853,04013
855,04009
856,04003
857,04019
859,04017
860,04005
863,04025
864,04015
865,04001
870,35043
871,35001
873,35031
874,35045
875,35039
877,35033
878,35053
879,35051
880,35013
881,35041
882,35025
883,35027
884,35059
890,32003
891,32003
893,32033
894,32031
895,32031
897,32510
898,32007
900,06037
902,06037
903,06037
904,06037
905,06037
906,06037
907,06037
908,06037
910,06037
911,06037
912,06037
913,06037
914,06037
915,06037
916,06037
917,06037
918,06037
919,06073
920,06073
921,06073
922,06065
923,06071
924,06071
925,06065
926,06059
927,06059
928,06059
930,06111
931,06083
932,06107
933,06029
934,06079
935,06029
936,06019
937,06019
939,06053
940,06081
941,06075
943,06085
944,06081
945,06013
946,06001
947,06001
948,06013
949,06041
950,06087
951,06085
952,06077
953,06099
954,06097
955,06023
956,06067
957,06061
958,06067
959,06007
960,06089
961,06035
967,15001
968,15003
970,41005
971,41057
972,41051
973,41047
974,41039
975,41029
976,41035
977,41017
978,41059
979,41045
980,53033
981,53033
982,53061
983,53053
984,53053
985,53027
986,53011
988,53047
989,53077
990,53063
991,53075
992,53063
993,53005
994,53003
995,02020
996,02050
997,02290
998,02105
999,02198
